year,growth,city,domain,invested,profit,risk_level,rating,good_investment
2016,14.94,Mumbai,E-commerce,13235029,2550823,Medium,3,1
2013,19.45,Pune,SaaS,5859462,1154488,Medium,4,1
2022,18.14,Pune,HealthTech,8338941,1729151,Medium,4,1
2024,29.22,Mumbai,AI/ML,17955282,7721505,Low,4,1
2020,14.52,Mumbai,E-commerce,2377779,417724,Medium,3,1
2017,17.67,Bangalore,SaaS,2125199,453695,Medium,3,1
2022,22.45,Delhi,AI/ML,2301951,633783,Medium,3,1
2014,16.08,Chennai,EdTech,8941557,1436922,Medium,3,1
2016,16.56,Hyderabad,EdTech,9897868,1797556,Medium,3,1
2019,9.22,Delhi,E-commerce,8728736,861634,High,3,0
2012,22.88,Pune,SaaS,18066364,4795902,Medium,4,1
2016,23.05,Mumbai,SaaS,16995815,4092600,Medium,3,1
2020,26.41,Delhi,AI/ML,10441699,3482925,Low,5,1
2020,22.98,Chennai,AI/ML,11057676,3395632,Low,4,1
2017,20.99,Pune,SaaS,1808166,427055,Medium,3,1
2014,19.4,Hyderabad,AI/ML,10011878,2574170,Medium,4,1
2013,21.5,Hyderabad,SaaS,3011019,766228,Medium,4,1
2017,20.76,Chennai,HealthTech,18607944,4352293,Medium,3,1
2017,17.62,Chennai,SaaS,1529242,279417,Medium,3,1
2012,18.59,Mumbai,EdTech,2667626,521165,Medium,4,1
2015,24.71,Hyderabad,AI/ML,9238676,2943864,Low,5,1
2014,19.18,Pune,SaaS,14393536,3144332,Medium,3,1
2011,20.32,Delhi,SaaS,7783377,1955084,Medium,3,1
2017,18.9,Pune,AI/ML,14912350,3740910,Medium,3,1
2021,23.73,Bangalore,HealthTech,7517955,2399136,Low,5,1
2023,17.3,Bangalore,HealthTech,14678280,3280550,Medium,3,1
2015,19.88,Chennai,AI/ML,14186458,3218127,Medium,4,1
2011,18.19,Mumbai,Fintech,12313246,2779284,Medium,3,1
2025,25.34,Bangalore,AI/ML,3238384,1088886,Low,5,1
2021,25.34,Hyderabad,AI/ML,17682127,5131844,Medium,4,1
2014,19.99,Pune,HealthTech,3008164,788631,Medium,4,1
2010,22.32,Pune,HealthTech,6674943,1938903,Medium,4,1
2021,16.93,Chennai,AI/ML,12532002,2382747,Medium,3,1
2019,19.84,Delhi,AI/ML,18446286,4251401,Medium,4,1
2015,19.9,Chennai,AI/ML,16987869,3995203,Medium,4,1
2022,23.76,Delhi,HealthTech,16761730,4898798,Medium,4,1
2021,23.96,Chennai,AI/ML,13025683,4010834,Low,4,1
2018,22.55,Chennai,AI/ML,671277,187794,Medium,3,1
2010,14.85,Chennai,E-commerce,11282063,1903915,Medium,3,1
2020,22.71,Delhi,Fintech,7851548,1826764,Medium,3,1
2020,15.49,Delhi,EdTech,1861212,318180,Medium,3,1
2024,14.06,Chennai,Fintech,15995582,2573079,Medium,3,1
2019,17.26,Bangalore,E-commerce,6380926,1237438,Medium,4,1
2025,16.55,Mumbai,EdTech,18880560,3108176,Medium,4,1
2021,24.86,Mumbai,AI/ML,14310326,4620714,Low,5,1
2021,13.87,Mumbai,E-commerce,11810929,1964725,Medium,3,1
2025,19.48,Delhi,AI/ML,7062865,1454966,Medium,4,1
2024,21.21,Delhi,HealthTech,7429909,1851111,Medium,4,1
2023,19.03,Bangalore,SaaS,15823853,3679381,Medium,3,1
2023,14.55,Mumbai,E-commerce,1881710,305289,Medium,4,1
2024,24.85,Mumbai,HealthTech,3091822,983236,Low,4,1
2023,10.7,Chennai,E-commerce,2557797,301324,High,3,0
2012,14.86,Delhi,E-commerce,13906769,2327726,Medium,3,1
2021,17.54,Mumbai,HealthTech,18150636,4123760,Medium,3,1
2016,8.23,Pune,EdTech,6502024,609227,High,2,0
2013,17.85,Bangalore,Fintech,9381111,2231224,Medium,4,1
2025,22.09,Pune,AI/ML,4912903,1391256,Medium,4,1
2018,15.87,Pune,E-commerce,11223679,1924359,Medium,3,1
2012,21.35,Bangalore,AI/ML,19843036,5301709,Medium,3,1
2014,14.53,Pune,SaaS,14616095,2223325,Medium,4,1
2012,17.53,Mumbai,HealthTech,12967421,2857887,Medium,4,1
2016,25.95,Delhi,AI/ML,12385324,4349907,Low,4,1
2014,17.49,Bangalore,HealthTech,6832961,1468439,Medium,4,1
2018,26.75,Chennai,AI/ML,8869597,3037998,Low,5,1
2016,21.15,Pune,Fintech,18221677,4218836,Medium,4,1
2011,17.05,Bangalore,Fintech,1967256,419591,Medium,3,1
2013,15.81,Hyderabad,Fintech,15091057,3089032,Medium,3,1
2018,21.14,Hyderabad,Fintech,14093077,3696631,Medium,4,1
2021,17.28,Delhi,Fintech,7612646,1313731,Medium,3,1
2023,13.36,Mumbai,Fintech,9167126,1549420,Medium,4,1
2011,21.69,Delhi,HealthTech,8225976,2195749,Medium,4,1
2019,15.25,Delhi,E-commerce,3205421,546029,Medium,3,1
2018,25.41,Delhi,AI/ML,13606384,4458370,Low,4,1
2019,19.05,Delhi,Fintech,9035640,1835164,Medium,3,1
2014,18.35,Chennai,HealthTech,7442263,1626032,Medium,4,1
2011,23.81,Chennai,HealthTech,5152124,1582037,Low,5,1
2013,24.1,Bangalore,HealthTech,1862516,614172,Low,4,1
2021,14.7,Hyderabad,E-commerce,19652316,3419544,Medium,3,1
2024,22.18,Delhi,AI/ML,16880660,4259272,Medium,3,1
2021,10.03,Bangalore,E-commerce,2218562,242356,High,3,0
2016,14.18,Hyderabad,EdTech,19533572,3081193,Medium,4,1
2021,22.28,Pune,HealthTech,7715409,2085864,Medium,4,1
2022,14.33,Mumbai,EdTech,1829785,294918,Medium,3,1
2017,14.63,Chennai,SaaS,7679391,1190923,Medium,3,1
2024,28.49,Pune,Fintech,15242351,5234581,Low,5,1
2012,13.61,Hyderabad,Fintech,9580961,1546957,Medium,3,1
2023,20.77,Pune,E-commerce,5381539,1284576,Medium,3,1
2010,21.08,Mumbai,AI/ML,2828033,809201,Medium,3,1
2013,15.75,Hyderabad,EdTech,18433149,3129995,Medium,3,1
2011,19.98,Pune,AI/ML,10378917,2487189,Medium,4,1
2017,16.35,Chennai,E-commerce,15734022,3114937,Medium,3,1
2013,13.68,Chennai,Fintech,8675576,1286225,High,3,0
2011,16.48,Bangalore,AI/ML,8191332,1714924,Medium,4,1
2023,26.83,Pune,AI/ML,7559903,2781343,Low,4,1
2015,15.59,Delhi,Fintech,5941039,1011671,Medium,4,1
2015,18.24,Pune,EdTech,6577234,1299599,Medium,4,1
2019,14.74,Hyderabad,Fintech,694152,116388,Medium,3,1
2013,24.13,Hyderabad,AI/ML,2428356,632862,Medium,4,1
2015,21.05,Pune,EdTech,5297927,1205836,Medium,4,1
2022,14.42,Mumbai,EdTech,9701352,1457994,Medium,4,1
2024,12.2,Chennai,Fintech,12101321,1737770,High,3,0
2011,27.07,Hyderabad,AI/ML,4300760,1596448,Low,5,1
2019,16.78,Chennai,E-commerce,17004641,2611660,Medium,4,1
2021,20.58,Hyderabad,AI/ML,1475112,370043,Medium,4,1
2011,19.35,Bangalore,HealthTech,4533123,1149529,Medium,4,1
2019,15.67,Delhi,SaaS,1055839,153191,High,2,0
2023,18.26,Hyderabad,E-commerce,1114101,255367,Medium,3,1
2013,14.4,Chennai,EdTech,949813,152371,Medium,3,1
2023,9.74,Bangalore,E-commerce,8727489,1097816,High,3,0
2024,16.64,Hyderabad,EdTech,16615126,2910788,Medium,4,1
2025,13.42,Mumbai,EdTech,12734908,1869294,High,3,0
2024,10.91,Delhi,E-commerce,14141125,1677656,High,2,0
2017,14.71,Hyderabad,EdTech,5621632,1067635,Medium,3,1
2023,16.26,Bangalore,EdTech,17828454,3701090,Medium,3,1
2016,15.86,Mumbai,HealthTech,4143488,824657,Medium,4,1
2021,26.16,Pune,AI/ML,10969888,3653667,Low,4,1
2018,24.03,Bangalore,AI/ML,8888823,2962890,Low,4,1
2023,17.9,Bangalore,SaaS,13450659,3471417,Medium,4,1
2017,16.29,Mumbai,SaaS,12058170,2405003,Medium,3,1
2014,19.73,Bangalore,HealthTech,8407386,2106316,Medium,4,1
2025,21.7,Mumbai,SaaS,18294591,4588160,Medium,3,1
2022,16.23,Hyderabad,E-commerce,772544,144890,Medium,4,1
2011,21.18,Mumbai,Fintech,1034633,252564,Medium,4,1
2024,16.56,Mumbai,Fintech,5776776,1202986,Medium,4,1
2014,9.23,Delhi,Fintech,19141123,1786069,High,3,0
2017,23.74,Mumbai,HealthTech,16728027,4830181,Medium,4,1
2019,19.5,Mumbai,HealthTech,9703269,2487945,Medium,3,1
2018,18.0,Pune,EdTech,1620113,327825,Medium,4,1
2021,23.01,Hyderabad,Fintech,10701961,2788466,Medium,4,1
2021,21.3,Delhi,E-commerce,5092087,1172810,Medium,4,1
2021,17.05,Pune,SaaS,5593388,1181402,Medium,4,1
2022,14.4,Chennai,E-commerce,13553367,1961082,High,2,0
2018,23.1,Hyderabad,SaaS,16441926,3964131,Medium,4,1
2022,15.47,Hyderabad,Fintech,11547100,1944142,Medium,3,1
2024,16.25,Chennai,Fintech,5145289,963929,Medium,4,1
2022,16.24,Mumbai,Fintech,11031792,1931372,Medium,4,1
2010,19.92,Pune,HealthTech,9393518,2408046,Medium,3,1
2018,18.34,Bangalore,SaaS,9511698,1954661,Medium,3,1
2016,18.22,Delhi,HealthTech,2529341,550232,Medium,3,1
2018,17.1,Bangalore,HealthTech,16462977,3396755,Medium,4,1
2017,24.44,Chennai,AI/ML,19679330,5912540,Low,4,1
2010,18.01,Hyderabad,E-commerce,15018342,2674336,Medium,4,1
2021,18.45,Hyderabad,E-commerce,2269617,512842,Medium,3,1
2017,14.56,Delhi,EdTech,11327369,1630133,High,2,0
2017,22.56,Hyderabad,HealthTech,5869337,1462573,Medium,4,1
2024,19.71,Hyderabad,SaaS,16348515,4429843,Medium,3,1
2020,20.29,Delhi,AI/ML,1380432,357996,Medium,3,1
2012,24.2,Pune,AI/ML,15735953,5118982,Low,5,1
2010,12.15,Pune,E-commerce,16034442,2268567,High,3,0
2017,18.87,Delhi,HealthTech,6727740,1435359,Medium,4,1
2012,11.87,Chennai,EdTech,14445748,1660552,High,2,0
2012,18.61,Hyderabad,HealthTech,15149817,3322542,Medium,3,1
2010,18.76,Hyderabad,Fintech,8357997,1699772,Medium,3,1
2020,24.71,Chennai,HealthTech,4439625,1203835,Medium,3,1
2014,16.94,Pune,Fintech,2129618,366977,Medium,3,1
2019,14.89,Mumbai,Fintech,11881957,2158997,Medium,4,1
2016,20.49,Mumbai,EdTech,6483359,1696247,Medium,3,1
2019,17.49,Mumbai,SaaS,3068101,665819,Medium,4,1
2018,8.75,Pune,E-commerce,13950304,1360186,High,2,0
2021,20.4,Pune,HealthTech,18574992,4517131,Medium,4,1
2016,17.03,Chennai,Fintech,4202590,624166,High,2,0
2018,26.9,Hyderabad,HealthTech,10372310,3255015,Low,4,1
2017,20.43,Chennai,SaaS,14812034,3036672,Medium,4,1
2021,13.56,Chennai,E-commerce,17240925,2628799,Medium,3,1
2011,16.23,Pune,SaaS,8518205,1548358,Medium,4,1
2010,14.99,Mumbai,E-commerce,5428476,883155,Medium,3,1
2025,26.37,Bangalore,AI/ML,4386613,1540585,Low,4,1
2016,14.94,Hyderabad,E-commerce,4510442,770235,Medium,4,1
2016,13.46,Pune,EdTech,14150045,2332099,Medium,3,1
2023,20.62,Mumbai,SaaS,3804860,983071,Medium,4,1
2017,17.85,Bangalore,Fintech,13534994,3028882,Medium,3,1
2014,23.35,Bangalore,AI/ML,9222856,2626722,Medium,3,1
2012,14.94,Pune,EdTech,17938656,2674484,High,2,0
2021,18.87,Delhi,HealthTech,1693502,392704,Medium,3,1
2017,17.75,Hyderabad,SaaS,15039933,3033452,Medium,3,1
2015,20.83,Bangalore,Fintech,3829782,1002268,Medium,3,1
2020,12.9,Pune,E-commerce,7356825,1148934,Medium,3,1
2012,16.62,Pune,Fintech,5616176,955669,Medium,4,1
2010,17.17,Mumbai,HealthTech,9643589,2286856,Medium,3,1
2012,23.36,Delhi,AI/ML,881325,271560,Low,4,1
2014,22.94,Hyderabad,AI/ML,9702134,2342935,Medium,3,1
2024,17.65,Chennai,SaaS,1463544,347838,Medium,4,1
2023,19.87,Mumbai,AI/ML,2926062,772950,Medium,4,1
2012,24.63,Bangalore,SaaS,8709517,2496117,Medium,3,1
2010,13.36,Bangalore,SaaS,7995095,1345990,Medium,3,1
2014,20.48,Mumbai,SaaS,9494359,2129312,Medium,3,1
2019,17.87,Pune,E-commerce,10627222,2226769,Medium,4,1
2016,5.84,Bangalore,EdTech,1458379,92119,High,2,0
2024,21.38,Delhi,SaaS,14155842,3945052,Medium,4,1
2023,18.34,Hyderabad,SaaS,13700497,2915967,Medium,3,1
2016,16.77,Delhi,EdTech,11790492,2227495,Medium,4,1
2020,17.03,Bangalore,Fintech,16293024,3203517,Medium,4,1
2018,22.23,Chennai,SaaS,4527187,1214515,Medium,3,1
2024,15.09,Hyderabad,E-commerce,6826981,1167011,Medium,3,1
2024,22.4,Hyderabad,AI/ML,506464,126771,Medium,3,1
2019,19.3,Mumbai,AI/ML,10478034,2571244,Medium,3,1
2019,25.65,Mumbai,HealthTech,15555636,5720494,Low,4,1
2021,20.03,Chennai,HealthTech,1661140,421192,Medium,3,1
2022,28.87,Pune,AI/ML,11542682,4032632,Low,4,1
2012,27.78,Hyderabad,AI/ML,10723676,3192611,Medium,4,1
2024,8.66,Chennai,E-commerce,6290233,565928,High,2,0
2025,14.04,Mumbai,EdTech,17542255,2477852,High,2,0
2016,16.89,Mumbai,HealthTech,16896352,3021101,Medium,4,1
2010,15.86,Hyderabad,EdTech,2576259,478647,Medium,3,1
2013,14.56,Delhi,E-commerce,11089887,1787800,Medium,3,1
2022,22.69,Bangalore,AI/ML,13179338,4514142,Low,4,1
2025,22.16,Mumbai,SaaS,18673318,4524090,Medium,3,1
2013,20.48,Pune,EdTech,17281227,3864237,Medium,4,1
2023,24.9,Pune,AI/ML,19241940,5313082,Medium,4,1
2014,20.32,Mumbai,AI/ML,13102694,3285892,Medium,3,1
2016,15.65,Delhi,Fintech,16427403,2885520,Medium,3,1
2016,16.01,Delhi,EdTech,15171009,2523090,Medium,4,1
2022,20.28,Chennai,SaaS,9321549,2150834,Medium,3,1
2024,15.45,Pune,EdTech,12077795,2196141,Medium,4,1
2020,17.96,Chennai,AI/ML,19985901,4745033,Medium,4,1
2022,21.05,Pune,SaaS,1103151,249256,Medium,4,1
2013,12.82,Bangalore,E-commerce,16089702,2445119,Medium,3,1
2022,16.73,Bangalore,Fintech,16591794,3637581,Medium,3,1
2025,21.84,Hyderabad,AI/ML,15549737,4632781,Medium,3,1
2016,19.28,Chennai,HealthTech,8611184,1862563,Medium,4,1
2020,18.9,Mumbai,HealthTech,14867204,3687708,Medium,3,1
2012,14.16,Chennai,Fintech,7785387,1305397,Medium,3,1
2015,13.66,Mumbai,E-commerce,4944910,720856,High,3,0
2021,24.11,Delhi,AI/ML,1231636,386711,Low,4,1
2011,16.79,Chennai,EdTech,13643097,2507987,Medium,3,1
2019,20.84,Delhi,Fintech,6981093,1430791,Medium,3,1
2022,11.81,Bangalore,E-commerce,17963506,2461991,High,3,0
2023,12.17,Bangalore,EdTech,10649777,1501227,High,2,0
2018,19.26,Hyderabad,HealthTech,8053925,1782504,Medium,4,1
2014,18.16,Chennai,HealthTech,3716662,877897,Medium,4,1
2015,14.47,Delhi,EdTech,2864825,488849,Medium,4,1
2021,18.64,Mumbai,Fintech,11342502,2478501,Medium,3,1
2021,18.49,Bangalore,HealthTech,13840494,3109920,Medium,3,1
2021,18.25,Bangalore,AI/ML,2680139,638859,Medium,3,1
2021,17.32,Mumbai,SaaS,4219194,854400,Medium,4,1
2013,17.02,Delhi,EdTech,3783737,657029,Medium,4,1
2023,18.01,Delhi,EdTech,1932672,262244,High,2,0
2023,21.98,Chennai,HealthTech,17841390,5298186,Medium,4,1
2020,19.27,Chennai,Fintech,18899779,4202282,Medium,3,1
2025,21.5,Pune,AI/ML,6357846,1681267,Medium,3,1
2019,19.21,Pune,Fintech,7341023,1685759,Medium,3,1
2016,13.87,Hyderabad,E-commerce,11096536,1734523,Medium,3,1
2021,14.34,Bangalore,E-commerce,12660068,2082408,Medium,3,1
2018,16.18,Chennai,SaaS,2965596,499976,Medium,3,1
2016,20.13,Delhi,HealthTech,16342433,3291525,Medium,3,1
2023,21.14,Mumbai,HealthTech,4905113,1148120,Medium,4,1
2010,21.02,Delhi,HealthTech,1913967,429827,Medium,3,1
2010,15.14,Bangalore,SaaS,13616197,2623855,Medium,4,1
2018,14.29,Pune,E-commerce,5566447,945156,Medium,4,1
2020,13.67,Delhi,Fintech,8218221,1192725,High,2,0
2023,19.52,Hyderabad,SaaS,7356604,1305226,Medium,4,1
2018,16.9,Bangalore,SaaS,10571586,2162847,Medium,4,1
2013,23.12,Pune,Fintech,11962734,3112529,Medium,4,1
2022,20.36,Mumbai,HealthTech,15817570,3856580,Medium,3,1
2018,24.4,Pune,AI/ML,19896438,6522976,Low,4,1
2012,24.33,Hyderabad,Fintech,2435772,704731,Medium,3,1
2016,11.55,Bangalore,E-commerce,2922952,369671,High,2,0
2015,17.31,Mumbai,EdTech,15896502,2818765,Medium,3,1
2017,12.44,Hyderabad,EdTech,15661926,2103303,High,3,0
2020,20.03,Pune,SaaS,2361663,502035,Medium,4,1
2018,21.3,Hyderabad,EdTech,5863998,1368897,Medium,3,1
2023,20.12,Bangalore,AI/ML,15879025,4562584,Medium,4,1
2014,17.34,Chennai,HealthTech,9940298,1816520,Medium,4,1
2010,13.73,Hyderabad,E-commerce,549768,86176,Medium,4,1
2012,28.14,Hyderabad,AI/ML,5667373,2156350,Low,5,1
2019,16.31,Pune,E-commerce,12666879,2304935,Medium,3,1
2021,11.29,Pune,E-commerce,19540773,2619893,High,2,0
2017,24.37,Mumbai,HealthTech,19377542,5729181,Medium,3,1
2024,14.03,Pune,SaaS,9006377,1465810,Medium,4,1
2020,22.41,Delhi,EdTech,797542,198166,Medium,4,1
2015,22.57,Bangalore,HealthTech,19803513,5395222,Medium,3,1
2025,27.29,Bangalore,AI/ML,12169729,5082152,Low,4,1
2025,14.06,Chennai,SaaS,6128573,1021144,Medium,4,1
2017,22.51,Chennai,AI/ML,8591363,2639287,Low,4,1
2018,18.6,Bangalore,SaaS,18206080,4448139,Medium,3,1
2013,18.98,Chennai,AI/ML,6408553,1542687,Medium,4,1
2010,16.11,Mumbai,HealthTech,13850078,3078803,Medium,4,1
2023,20.52,Pune,SaaS,7008526,1670077,Medium,3,1
2010,20.79,Bangalore,SaaS,13481929,3193988,Medium,4,1
2019,17.9,Chennai,E-commerce,8640594,1722543,Medium,3,1
2013,12.49,Bangalore,E-commerce,9820383,1339840,High,3,0
2021,17.58,Delhi,Fintech,14540779,2428608,Medium,4,1
2023,17.85,Hyderabad,AI/ML,2966511,621784,Medium,3,1
2016,18.62,Pune,E-commerce,3795784,798579,Medium,4,1
2011,18.21,Bangalore,Fintech,11860287,2886654,Medium,3,1
2012,16.17,Hyderabad,E-commerce,13930286,2379212,Medium,4,1
2010,24.27,Chennai,AI/ML,6935389,2248930,Low,4,1
2014,23.38,Hyderabad,SaaS,16327610,3981594,Medium,4,1
2010,13.51,Pune,EdTech,7922235,1082448,High,3,0
2017,24.09,Bangalore,AI/ML,4634608,1644793,Low,4,1
2010,19.92,Delhi,HealthTech,1748749,410274,Medium,4,1
2020,20.32,Chennai,E-commerce,11487706,2560236,Medium,3,1
2010,11.5,Bangalore,E-commerce,17953553,2498310,High,3,0
2011,22.51,Pune,SaaS,16672473,3879773,Medium,4,1
2011,21.05,Chennai,HealthTech,2523553,612591,Medium,3,1
2021,19.89,Mumbai,SaaS,14349214,3391951,Medium,4,1
2015,20.16,Hyderabad,HealthTech,2596419,694386,Medium,4,1
2016,20.04,Pune,EdTech,7666065,1453431,Medium,3,1
2014,14.79,Mumbai,E-commerce,4242918,835269,Medium,4,1
2025,9.43,Bangalore,E-commerce,17821560,1975931,High,2,0
2010,19.66,Delhi,EdTech,18464246,3542127,Medium,3,1
2010,21.11,Chennai,Fintech,8708149,1901397,Medium,3,1
2012,20.76,Hyderabad,SaaS,8937247,2189932,Medium,4,1
2023,12.61,Chennai,EdTech,11438814,1392367,High,3,0
2011,16.08,Bangalore,SaaS,15967488,2967669,Medium,3,1
2014,16.37,Chennai,AI/ML,9485290,1880552,Medium,4,1
2021,15.38,Hyderabad,E-commerce,5024105,956483,Medium,3,1
2019,14.95,Bangalore,SaaS,2380164,465682,Medium,4,1
2025,14.84,Chennai,HealthTech,4876751,813344,Medium,3,1
2015,22.82,Delhi,SaaS,5369236,1351644,Medium,3,1
2025,24.3,Pune,AI/ML,17657285,4672251,Medium,4,1
2016,13.0,Bangalore,E-commerce,11047628,1427921,High,2,0
2013,15.6,Pune,EdTech,17388173,2670496,Medium,3,1
2016,14.78,Bangalore,AI/ML,5234071,1112741,Medium,4,1
2020,16.75,Delhi,E-commerce,16915376,3316020,Medium,3,1
2017,16.92,Pune,SaaS,14944539,2981789,Medium,3,1
2020,18.99,Mumbai,Fintech,13348776,2708823,Medium,4,1
2010,10.53,Hyderabad,Fintech,18472560,2158158,High,2,0
2024,22.93,Mumbai,HealthTech,9573936,2539753,Medium,3,1
2015,11.74,Chennai,E-commerce,916561,118124,High,2,0
2017,13.87,Delhi,Fintech,15271293,2375730,Medium,3,1
2014,14.98,Mumbai,EdTech,11964871,1869741,Medium,3,1
2013,12.21,Bangalore,E-commerce,16641241,2481495,High,2,0
2011,19.22,Chennai,EdTech,7656406,1620879,Medium,3,1
2015,14.74,Chennai,EdTech,5301436,795779,Medium,3,1
2015,22.09,Mumbai,Fintech,12649321,3461844,Medium,4,1
2020,14.99,Mumbai,E-commerce,14712972,2803920,Medium,3,1
2024,21.68,Delhi,SaaS,7431344,2014476,Medium,3,1
2025,21.99,Hyderabad,AI/ML,1124913,323970,Medium,4,1
2025,21.82,Mumbai,Fintech,10409801,2848395,Medium,3,1
2010,14.54,Mumbai,Fintech,9806607,1691509,Medium,3,1
2018,19.34,Pune,SaaS,10922372,2615758,Medium,3,1
2021,12.81,Bangalore,E-commerce,9137872,1271618,High,2,0
2020,18.19,Pune,E-commerce,12895230,2827219,Medium,3,1
2015,20.5,Pune,EdTech,16980387,3713244,Medium,3,1
2025,19.0,Chennai,SaaS,9125146,2198816,Medium,4,1
2022,15.13,Hyderabad,SaaS,15759027,2882639,Medium,4,1
2012,15.28,Bangalore,E-commerce,16302231,2943467,Medium,4,1
2013,11.01,Delhi,EdTech,4109134,475204,High,3,0
2021,22.88,Delhi,Fintech,12229160,3330651,Medium,4,1
2020,18.58,Mumbai,HealthTech,7130604,1708336,Medium,3,1
2013,21.91,Mumbai,AI/ML,18104366,4976587,Medium,3,1
2012,15.96,Delhi,Fintech,2286852,419943,Medium,3,1
2019,11.29,Mumbai,E-commerce,7877426,1112199,High,2,0
2012,24.21,Hyderabad,AI/ML,5532793,1503791,Medium,3,1
2024,19.52,Pune,HealthTech,13425465,3317012,Medium,4,1
2012,20.13,Mumbai,HealthTech,8639480,2249776,Medium,4,1
2013,12.99,Chennai,EdTech,17319353,2663780,Medium,3,1
2025,24.57,Mumbai,AI/ML,17416141,5227877,Low,4,1
2016,18.87,Bangalore,EdTech,3133819,683445,Medium,3,1
2013,17.37,Hyderabad,Fintech,5912319,1227756,Medium,4,1
2018,22.8,Bangalore,SaaS,12684706,3706899,Medium,4,1
2010,18.69,Bangalore,SaaS,875233,204701,Medium,3,1
2017,21.34,Chennai,SaaS,14063872,3063090,Medium,4,1
2025,17.13,Hyderabad,AI/ML,14666825,3239596,Medium,3,1
2016,20.06,Hyderabad,SaaS,10623243,2856018,Medium,4,1
2011,17.19,Hyderabad,Fintech,19235008,4077689,Medium,4,1
2017,16.47,Hyderabad,EdTech,5528427,1135174,Medium,3,1
2010,22.33,Hyderabad,AI/ML,17709194,5398892,Low,5,1
2020,16.38,Chennai,EdTech,17165954,3371785,Medium,4,1
2021,23.85,Mumbai,AI/ML,6483943,2053609,Low,4,1
2018,14.3,Bangalore,EdTech,10042499,1728456,Medium,4,1
2018,21.71,Hyderabad,HealthTech,15499412,4145672,Medium,3,1
2011,19.7,Mumbai,EdTech,14599501,3262230,Medium,4,1
2016,14.77,Mumbai,SaaS,2260143,420117,Medium,3,1
2024,17.66,Bangalore,HealthTech,9114295,1951079,Medium,3,1
2023,13.78,Chennai,EdTech,6039004,1036074,Medium,4,1
2019,18.72,Delhi,AI/ML,11828309,2509559,Medium,4,1
2012,20.58,Delhi,AI/ML,19519581,5235090,Medium,3,1
2016,25.1,Mumbai,AI/ML,3261856,1178067,Low,5,1
2021,18.34,Pune,E-commerce,19348304,3929926,Medium,4,1
2025,18.32,Pune,Fintech,19390264,3768996,Medium,4,1
2019,21.03,Bangalore,AI/ML,15269417,4629970,Low,4,1
2025,22.41,Delhi,HealthTech,529813,141529,Medium,3,1
2018,14.91,Mumbai,AI/ML,8579823,1765556,Medium,3,1
2013,10.83,Chennai,E-commerce,14529286,1735773,High,3,0
2021,12.04,Delhi,SaaS,9162149,1408620,Medium,4,1
2010,16.8,Mumbai,HealthTech,8796335,1524825,Medium,3,1
2011,11.7,Mumbai,E-commerce,16527795,2323197,High,2,0
2010,23.43,Hyderabad,SaaS,2115181,633926,Medium,4,1
2025,11.72,Chennai,HealthTech,15395769,2154718,High,3,0
2023,14.75,Hyderabad,EdTech,4534649,755250,Medium,4,1
2021,19.86,Bangalore,Fintech,12027501,2840467,Medium,4,1
2014,19.23,Hyderabad,Fintech,12734950,2885038,Medium,3,1
2014,18.39,Hyderabad,E-commerce,1850816,334263,Medium,4,1
2025,19.48,Delhi,SaaS,15232408,3138439,Medium,4,1
2020,19.12,Pune,Fintech,958819,200127,Medium,3,1
2016,13.48,Mumbai,SaaS,18485276,3119776,Medium,3,1
2018,16.04,Chennai,SaaS,17722090,3072554,Medium,4,1
2018,8.65,Hyderabad,E-commerce,16721697,1569406,High,2,0
2012,15.72,Chennai,E-commerce,4428683,750922,Medium,4,1
2012,15.05,Pune,E-commerce,12498768,1985753,Medium,4,1
2025,18.94,Pune,Fintech,5501945,1239964,Medium,3,1
2025,11.36,Hyderabad,E-commerce,7422795,984737,High,2,0
2012,15.08,Bangalore,Fintech,19331264,3828805,Medium,4,1
2013,14.63,Hyderabad,E-commerce,18340908,3201367,Medium,3,1
2017,19.99,Delhi,AI/ML,5238637,1338581,Medium,4,1
2015,15.94,Mumbai,SaaS,9832439,1812801,Medium,4,1
2017,12.47,Bangalore,E-commerce,4730013,678947,High,3,0
2010,18.02,Hyderabad,HealthTech,6572929,1330367,Medium,3,1
2017,16.4,Chennai,SaaS,11963403,2064783,Medium,4,1
2013,15.32,Bangalore,SaaS,14064564,2648160,Medium,4,1
2020,15.35,Bangalore,E-commerce,12762299,2192801,Medium,4,1
2010,20.67,Hyderabad,EdTech,4551939,1159073,Medium,3,1
2017,13.88,Bangalore,E-commerce,1369953,225268,Medium,4,1
2013,19.67,Chennai,SaaS,3598056,898056,Medium,4,1
2015,21.61,Pune,HealthTech,1213806,328051,Medium,4,1
2017,20.1,Bangalore,SaaS,14081565,3211780,Medium,3,1
2013,17.46,Pune,HealthTech,16758427,3482004,Medium,4,1
2023,23.16,Chennai,Fintech,16791969,3885677,Medium,4,1
2012,19.73,Hyderabad,AI/ML,7174106,1810460,Medium,3,1
2025,20.94,Mumbai,SaaS,5716813,1344407,Medium,3,1
2023,15.59,Bangalore,E-commerce,1250774,211027,Medium,4,1
2018,12.12,Mumbai,Fintech,18202209,2994611,Medium,4,1
2012,20.92,Chennai,AI/ML,17631007,4935552,Medium,4,1
2018,14.17,Bangalore,E-commerce,18661741,3393567,Medium,3,1
2022,16.4,Pune,EdTech,14461999,2751930,Medium,3,1
2011,14.9,Delhi,E-commerce,616220,91179,High,3,0
2025,22.27,Mumbai,HealthTech,721421,193173,Medium,3,1
2023,19.98,Bangalore,HealthTech,9921077,2439106,Medium,4,1
2011,17.06,Mumbai,EdTech,14438810,2411812,Medium,4,1
2011,17.87,Bangalore,Fintech,15800317,3322662,Medium,3,1
2015,18.95,Hyderabad,AI/ML,13430098,3066286,Medium,4,1
2012,14.1,Pune,E-commerce,18694407,2989905,Medium,3,1
2025,22.25,Mumbai,HealthTech,3977983,1321840,Low,4,1
2022,21.33,Delhi,Fintech,13320015,3239762,Medium,4,1
2018,17.61,Delhi,EdTech,17967141,3423334,Medium,3,1
2013,23.0,Chennai,SaaS,17115507,4371432,Medium,4,1
2010,21.26,Bangalore,HealthTech,11075002,3153776,Medium,3,1
2013,18.59,Mumbai,EdTech,9935754,1914780,Medium,4,1
2010,16.81,Chennai,E-commerce,14935119,3216817,Medium,4,1
2023,21.33,Mumbai,AI/ML,19958694,5462502,Medium,4,1
2014,22.18,Bangalore,HealthTech,16810714,4567170,Medium,3,1
2025,17.18,Delhi,HealthTech,3493220,758502,Medium,4,1
2013,15.05,Hyderabad,E-commerce,9648938,1529327,Medium,3,1
2017,20.73,Delhi,SaaS,3432878,844442,Medium,3,1
2025,21.15,Chennai,Fintech,3330527,904091,Medium,3,1
2017,24.46,Pune,AI/ML,6673049,1997876,Medium,3,1
2016,23.19,Hyderabad,HealthTech,15442742,5034936,Low,4,1
2012,21.7,Chennai,AI/ML,18099780,5105236,Medium,4,1
2010,18.96,Bangalore,HealthTech,8742184,2207359,Medium,3,1
2025,21.18,Hyderabad,AI/ML,11284014,3339648,Medium,4,1
2010,16.8,Chennai,EdTech,5544316,1138698,Medium,4,1
2025,14.57,Bangalore,HealthTech,3971888,747588,Medium,3,1
2021,26.0,Delhi,AI/ML,11031993,3733965,Low,5,1
2020,18.13,Pune,Fintech,10957492,2572702,Medium,4,1
2012,14.75,Bangalore,EdTech,8037812,1242489,Medium,3,1
2015,8.41,Mumbai,EdTech,3048600,250541,High,3,0
2016,17.89,Bangalore,Fintech,5698245,1250107,Medium,3,1
2015,21.4,Bangalore,AI/ML,12804855,3110373,Medium,3,1
2023,11.31,Pune,E-commerce,19262620,2385297,High,2,0
2023,15.98,Mumbai,Fintech,7287702,1444175,Medium,4,1
2015,21.92,Chennai,AI/ML,2626861,696007,Medium,4,1
2015,16.24,Chennai,Fintech,4279337,792399,Medium,4,1
2022,19.72,Bangalore,Fintech,2551723,570137,Medium,4,1
2012,17.75,Mumbai,HealthTech,18326155,4295709,Medium,3,1
2015,22.46,Mumbai,AI/ML,5189133,1382190,Medium,3,1
2017,17.54,Pune,E-commerce,4678465,766647,Medium,4,1
2020,19.89,Delhi,HealthTech,6208297,1424445,Medium,3,1
2020,19.07,Chennai,Fintech,18175920,4290782,Medium,4,1
2011,19.88,Pune,SaaS,12649698,2894960,Medium,3,1
2014,18.02,Hyderabad,Fintech,5743762,1104012,Medium,3,1
2023,17.8,Chennai,Fintech,8731691,1807492,Medium,3,1
2010,20.29,Pune,AI/ML,11764870,3082924,Medium,3,1
2021,22.45,Chennai,AI/ML,12160201,3399076,Medium,3,1
2024,19.15,Delhi,HealthTech,9918124,2180768,Medium,4,1
2025,18.64,Hyderabad,E-commerce,18973825,4166201,Medium,4,1
2010,22.43,Delhi,HealthTech,4109684,931038,Medium,3,1
2014,11.64,Hyderabad,EdTech,528885,63027,High,3,0
2021,13.81,Bangalore,Fintech,5090723,775610,Medium,3,1
2022,18.61,Pune,SaaS,5089764,1200402,Medium,3,1
2025,16.81,Hyderabad,Fintech,3629985,758656,Medium,3,1
2012,17.45,Delhi,Fintech,18656555,3774333,Medium,3,1
2013,21.95,Chennai,HealthTech,19395952,4458383,Medium,4,1
2012,19.95,Hyderabad,SaaS,10732137,2619776,Medium,3,1
2025,19.92,Pune,SaaS,18097189,4580814,Medium,4,1
2010,23.34,Hyderabad,SaaS,19927719,5617321,Medium,3,1
2025,15.83,Mumbai,HealthTech,1618844,317449,Medium,3,1
2010,18.31,Chennai,Fintech,11766354,2611199,Medium,4,1
2021,18.26,Pune,HealthTech,12684842,2831161,Medium,3,1
2021,26.31,Pune,AI/ML,6201048,2186646,Low,4,1
2023,15.37,Bangalore,AI/ML,4394142,956073,Medium,4,1
2022,13.5,Delhi,HealthTech,7542049,1173508,Medium,4,1
2023,19.91,Bangalore,SaaS,15780763,3601538,Medium,4,1
2014,21.38,Pune,Fintech,16338516,3938499,Medium,3,1
2015,22.32,Chennai,HealthTech,6726659,1854613,Medium,3,1
2012,17.6,Hyderabad,HealthTech,10135337,2095120,Medium,4,1
2021,24.52,Hyderabad,HealthTech,3281652,913262,Medium,4,1
2018,12.31,Chennai,EdTech,2591219,344826,High,2,0
2014,25.92,Pune,AI/ML,4717635,1661429,Low,4,1
2017,15.7,Hyderabad,SaaS,12272777,2249870,Medium,4,1
2022,12.94,Hyderabad,E-commerce,9336621,1340246,High,3,0
2010,20.92,Hyderabad,SaaS,19563535,4847726,Medium,4,1
2023,9.6,Delhi,E-commerce,1431253,152399,High,3,0
2014,20.41,Delhi,EdTech,14744820,2724112,Medium,3,1
2024,18.93,Mumbai,HealthTech,2344053,581713,Medium,3,1
2012,16.41,Bangalore,EdTech,15462324,3026526,Medium,3,1
2021,19.49,Chennai,EdTech,17820171,3760417,Medium,3,1
2010,15.62,Chennai,Fintech,14468689,2828837,Medium,4,1
2013,25.18,Chennai,AI/ML,14158790,4834648,Low,4,1
2024,18.92,Mumbai,E-commerce,12438835,2920697,Medium,4,1
2022,18.03,Delhi,HealthTech,3807735,750660,Medium,3,1
2014,18.11,Pune,E-commerce,10686886,2031771,Medium,3,1
2025,13.72,Pune,SaaS,12342981,2110218,Medium,3,1
2016,15.17,Mumbai,E-commerce,2553413,383926,Medium,4,1
2010,15.31,Pune,SaaS,13877212,2402260,Medium,3,1
2025,24.83,Chennai,AI/ML,15520117,4930244,Low,5,1
2012,21.58,Bangalore,SaaS,2157387,484478,Medium,4,1
2025,20.23,Hyderabad,E-commerce,3291241,769274,Medium,3,1
2011,18.26,Delhi,E-commerce,8537821,1848921,Medium,4,1
2018,18.5,Delhi,SaaS,18498201,3383832,Medium,3,1
2019,12.75,Mumbai,EdTech,12467877,2042560,Medium,4,1
2024,23.7,Delhi,AI/ML,3104325,827674,Medium,3,1
2015,17.82,Chennai,Fintech,3261623,701239,Medium,4,1
2019,24.65,Pune,HealthTech,18954066,5551333,Medium,4,1
2012,7.5,Chennai,E-commerce,4283799,359426,High,2,0
2017,26.56,Mumbai,HealthTech,16440295,4867152,Medium,3,1
2023,19.6,Chennai,Fintech,6209716,1545315,Medium,3,1
2017,17.56,Pune,HealthTech,10745367,2315677,Medium,3,1
2011,20.2,Bangalore,Fintech,932184,262093,Medium,4,1
2025,22.89,Mumbai,SaaS,10098333,2470079,Medium,4,1
2024,16.34,Bangalore,EdTech,19614022,3648704,Medium,4,1
2015,8.71,Hyderabad,E-commerce,8017201,804703,High,3,0
2016,17.12,Bangalore,Fintech,1158139,245430,Medium,3,1
2011,23.12,Hyderabad,HealthTech,16360467,4810678,Medium,4,1
2024,15.49,Hyderabad,E-commerce,7092863,1226579,Medium,3,1
2020,15.53,Bangalore,EdTech,8734955,1832842,Medium,4,1
2019,22.92,Mumbai,SaaS,13909459,3800293,Medium,3,1
2011,16.22,Pune,E-commerce,13359305,1872033,High,2,0
2019,20.45,Chennai,Fintech,9188458,2182156,Medium,3,1
2010,14.77,Chennai,EdTech,12839990,2257721,Medium,3,1
2017,18.48,Pune,HealthTech,17119576,3503887,Medium,3,1
2010,10.9,Hyderabad,EdTech,13722119,1518863,High,3,0
2018,15.22,Hyderabad,EdTech,803446,125769,Medium,3,1
2020,24.81,Mumbai,AI/ML,3871484,1137450,Medium,4,1
2015,15.39,Delhi,EdTech,1898558,300887,Medium,4,1
2025,17.34,Bangalore,EdTech,3261158,700509,Medium,3,1
2016,17.33,Hyderabad,E-commerce,2217479,489097,Medium,4,1
2022,21.12,Chennai,HealthTech,1545716,311670,Medium,4,1
2019,15.41,Mumbai,E-commerce,4323873,753727,Medium,4,1
2016,9.93,Bangalore,E-commerce,11823620,1428091,High,2,0
2019,17.03,Mumbai,Fintech,4193793,878026,Medium,3,1
2012,19.18,Bangalore,E-commerce,16674882,4376991,Medium,3,1
2011,22.31,Bangalore,AI/ML,6615762,1634997,Medium,3,1
2018,27.69,Pune,AI/ML,11009308,3016515,Medium,4,1
2017,15.83,Hyderabad,Fintech,3053589,662268,Medium,4,1
2022,19.7,Mumbai,SaaS,18975629,4709099,Medium,4,1
2021,18.85,Mumbai,HealthTech,13527415,3022550,Medium,4,1
2019,21.78,Pune,HealthTech,637799,168388,Medium,4,1
2016,16.69,Chennai,E-commerce,9070397,1716260,Medium,4,1
2018,15.81,Chennai,E-commerce,4670163,782084,Medium,3,1
2013,22.13,Hyderabad,SaaS,5128656,1325494,Medium,4,1
2022,13.96,Hyderabad,E-commerce,6382049,1039032,Medium,4,1
2013,19.43,Delhi,HealthTech,6188505,1637736,Medium,4,1
2010,10.73,Pune,EdTech,9690617,1222460,High,2,0
2017,23.92,Chennai,AI/ML,4806080,1618324,Low,5,1
2025,16.52,Bangalore,EdTech,14889772,2535155,Medium,4,1
2023,15.8,Mumbai,EdTech,7305080,1272209,Medium,3,1
2025,19.43,Hyderabad,HealthTech,17490019,4182456,Medium,4,1
2023,15.89,Mumbai,EdTech,19533129,2978665,Medium,3,1
2021,18.29,Mumbai,SaaS,11342852,2697852,Medium,3,1
2012,16.42,Delhi,Fintech,4715645,929784,Medium,4,1
2016,14.72,Chennai,E-commerce,3370581,535660,Medium,4,1
2024,19.45,Hyderabad,Fintech,8620459,1943102,Medium,3,1
2021,19.69,Mumbai,AI/ML,12383287,3476673,Medium,4,1
2011,12.8,Hyderabad,E-commerce,7100500,964899,High,3,0
2011,15.39,Bangalore,EdTech,17356056,3403679,Medium,3,1
2025,22.01,Delhi,AI/ML,5908647,1560022,Medium,3,1
2016,13.62,Bangalore,E-commerce,661297,113435,Medium,4,1
2024,20.98,Hyderabad,SaaS,2431375,593234,Medium,3,1
2015,14.04,Hyderabad,SaaS,4743460,906819,Medium,4,1
2012,14.57,Chennai,SaaS,2805433,430382,Medium,4,1
2018,19.58,Mumbai,SaaS,6426069,1426267,Medium,4,1
2019,14.19,Mumbai,EdTech,7239202,1024675,High,3,0
2024,20.65,Bangalore,Fintech,2587001,600486,Medium,3,1
2023,17.51,Delhi,E-commerce,19958938,4069380,Medium,4,1
2022,16.7,Pune,EdTech,3955673,813777,Medium,3,1
2015,15.78,Mumbai,SaaS,8105502,1620395,Medium,4,1
2019,21.16,Chennai,Fintech,2231530,544582,Medium,4,1
2019,22.6,Bangalore,AI/ML,5858699,1622584,Medium,3,1
2015,17.54,Bangalore,AI/ML,12301243,3052643,Medium,4,1
2010,17.8,Pune,AI/ML,7273329,1493484,Medium,3,1
2013,23.55,Chennai,SaaS,9030508,2149582,Medium,3,1
2019,26.05,Delhi,AI/ML,6052612,1882508,Low,5,1
2015,12.45,Chennai,HealthTech,7589109,936954,High,3,0
2024,9.93,Delhi,E-commerce,7329313,712901,High,3,0
2015,17.42,Chennai,E-commerce,12262302,2735110,Medium,4,1
2020,18.94,Chennai,SaaS,15217924,2856971,Medium,3,1
2021,22.11,Hyderabad,HealthTech,15382694,3715733,Medium,4,1
2014,15.81,Bangalore,EdTech,12866105,2363541,Medium,4,1
2010,17.96,Chennai,EdTech,9557483,1875185,Medium,4,1
2017,22.02,Pune,AI/ML,5290287,1426371,Medium,4,1
2014,16.69,Chennai,Fintech,17530294,2833785,Medium,4,1
2021,19.18,Mumbai,EdTech,15946951,3703190,Medium,3,1
2021,18.61,Bangalore,Fintech,17646109,3901609,Medium,4,1
2021,15.96,Mumbai,E-commerce,3601883,735853,Medium,3,1
2014,18.47,Bangalore,Fintech,1215295,262308,Medium,4,1
2016,12.54,Mumbai,E-commerce,19156014,3022335,Medium,4,1
2013,24.83,Chennai,HealthTech,1554212,504409,Low,5,1
2015,21.06,Chennai,HealthTech,19635946,4716419,Medium,3,1
2022,17.93,Hyderabad,SaaS,3985001,883627,Medium,4,1
2025,22.83,Pune,SaaS,2580563,602477,Medium,3,1
2013,18.04,Mumbai,AI/ML,16456333,3928089,Medium,3,1
2023,22.71,Delhi,EdTech,5743534,1533481,Medium,4,1
2024,21.46,Hyderabad,AI/ML,11565982,3257504,Medium,3,1
2012,10.2,Mumbai,E-commerce,11613511,1647011,High,3,0
2016,27.72,Mumbai,AI/ML,17403067,6538833,Low,5,1
2017,16.61,Hyderabad,Fintech,19927743,3778923,Medium,3,1
2013,14.73,Chennai,E-commerce,5361282,1078114,Medium,4,1
2025,21.15,Mumbai,SaaS,18072094,5135045,Medium,4,1
2022,23.55,Chennai,HealthTech,2553262,620966,Medium,3,1
2011,19.9,Hyderabad,SaaS,19214351,4139132,Medium,3,1
2021,14.06,Chennai,EdTech,2572171,358588,High,2,0
2019,14.66,Bangalore,E-commerce,5960388,1091457,Medium,3,1
2023,12.74,Delhi,E-commerce,14774198,2168559,High,2,0
2012,18.75,Mumbai,Fintech,11367948,2694042,Medium,3,1
2010,20.88,Pune,EdTech,1700346,337214,Medium,4,1
2017,22.27,Delhi,HealthTech,15615750,3870635,Medium,3,1
2024,14.62,Chennai,E-commerce,12872428,2068469,Medium,3,1
2012,16.22,Mumbai,E-commerce,2260399,365212,Medium,4,1
2021,20.43,Chennai,Fintech,15258076,3345260,Medium,4,1
2019,18.77,Bangalore,AI/ML,6636062,1822242,Medium,3,1
2016,20.13,Hyderabad,HealthTech,16093539,3424684,Medium,3,1
2019,26.69,Mumbai,SaaS,11973511,4238138,Low,5,1
2014,19.64,Bangalore,EdTech,13023855,3211997,Medium,3,1
2019,12.49,Bangalore,E-commerce,17177534,2489478,High,2,0
2014,12.19,Mumbai,E-commerce,14163640,1909365,High,3,0
2023,17.09,Chennai,SaaS,4643403,958956,Medium,3,1
2016,22.6,Pune,HealthTech,2703531,684670,Medium,4,1
2024,26.82,Bangalore,AI/ML,18346628,6112340,Low,4,1
2018,15.75,Delhi,E-commerce,10921231,1890817,Medium,4,1
2021,20.47,Bangalore,HealthTech,3803131,817034,Medium,4,1
2014,17.67,Pune,SaaS,7990291,1427636,Medium,4,1
2010,18.99,Chennai,Fintech,17674811,3773843,Medium,3,1
2019,19.54,Chennai,AI/ML,6688343,1676772,Medium,4,1
2019,10.19,Delhi,EdTech,15786370,1612792,High,2,0
2010,18.91,Bangalore,E-commerce,4293092,949223,Medium,4,1
2024,16.98,Chennai,HealthTech,2231041,390864,Medium,4,1
2011,17.03,Pune,Fintech,6613100,1409297,Medium,4,1
2025,17.97,Mumbai,EdTech,16968585,3518554,Medium,3,1
2023,24.3,Hyderabad,HealthTech,16574092,4983950,Low,4,1
2015,20.77,Hyderabad,HealthTech,2917209,760257,Medium,4,1
2025,12.42,Hyderabad,EdTech,17804141,2452943,High,2,0
2018,17.1,Bangalore,Fintech,3425609,693585,Medium,3,1
2017,16.96,Delhi,SaaS,9645155,2001792,Medium,3,1
2022,17.89,Chennai,Fintech,15541716,3246898,Medium,4,1
2014,25.7,Mumbai,AI/ML,17883968,5876752,Low,4,1
2010,6.39,Pune,E-commerce,18616678,1334787,High,3,0
2025,14.77,Mumbai,EdTech,11099528,1854099,Medium,4,1
2022,17.55,Pune,SaaS,8187268,1620462,Medium,4,1
2016,12.23,Bangalore,EdTech,7704425,1127113,High,2,0
2025,17.76,Hyderabad,EdTech,5658570,1024814,Medium,4,1
2024,13.76,Bangalore,Fintech,5323416,839852,Medium,3,1
2014,10.1,Delhi,E-commerce,5710766,663837,High,2,0
2015,24.55,Delhi,AI/ML,18414533,5469840,Medium,4,1
2022,24.5,Pune,HealthTech,6060068,1913848,Low,5,1
2016,19.77,Chennai,HealthTech,3457532,836226,Medium,4,1
2012,12.35,Chennai,EdTech,19443570,2481732,High,2,0
2021,11.88,Pune,E-commerce,799189,111578,High,2,0
2019,22.02,Delhi,SaaS,7008850,1897830,Medium,4,1
2025,18.35,Delhi,Fintech,2059049,447057,Medium,4,1
2012,13.7,Delhi,E-commerce,6636821,1054716,Medium,3,1
2014,14.94,Bangalore,E-commerce,19651710,3439801,Medium,3,1
2015,17.89,Delhi,Fintech,9744561,2149405,Medium,4,1
2018,20.64,Mumbai,EdTech,1004655,224192,Medium,3,1
2022,11.75,Hyderabad,E-commerce,12850243,1758988,High,2,0
2023,17.41,Delhi,HealthTech,736824,181385,Medium,3,1
2021,13.85,Pune,Fintech,9956587,1675446,Medium,3,1
2014,17.38,Hyderabad,SaaS,17133956,3323698,Medium,3,1
2024,18.72,Bangalore,AI/ML,10576732,2525598,Medium,3,1
2010,16.65,Pune,EdTech,4666289,843787,Medium,4,1
2023,18.06,Hyderabad,Fintech,10694850,2426497,Medium,3,1
2023,18.76,Pune,AI/ML,15578909,3690491,Medium,4,1
2023,23.77,Bangalore,AI/ML,593246,176462,Medium,4,1
2013,23.55,Mumbai,SaaS,2867713,760586,Medium,3,1
2014,15.07,Bangalore,E-commerce,13943843,2527343,Medium,4,1
2021,11.37,Bangalore,SaaS,2784798,384406,High,3,0
2025,19.96,Pune,E-commerce,2032337,472248,Medium,4,1
2019,16.24,Chennai,E-commerce,1283566,248912,Medium,3,1
2019,23.87,Delhi,Fintech,11799867,3919663,Low,5,1
2025,21.27,Delhi,Fintech,8096713,1737471,Medium,3,1
2014,19.87,Mumbai,EdTech,10956399,2604617,Medium,4,1
2016,14.62,Mumbai,E-commerce,16694123,2868375,Medium,4,1
2013,21.21,Delhi,AI/ML,16924563,3745967,Medium,4,1
2010,21.12,Chennai,HealthTech,13618532,3747539,Medium,4,1
2023,13.87,Delhi,EdTech,1279105,196461,Medium,3,1
2023,19.3,Chennai,Fintech,9805600,2323052,Medium,4,1
2014,11.12,Mumbai,SaaS,17497542,1997199,High,3,0
2016,16.13,Hyderabad,EdTech,14393337,2514291,Medium,3,1
2019,20.03,Pune,EdTech,5013552,1002127,Medium,3,1
2019,16.28,Mumbai,EdTech,7137935,1546086,Medium,3,1
2015,21.18,Mumbai,EdTech,4022810,1054794,Medium,4,1
2014,19.21,Bangalore,HealthTech,12115066,2783476,Medium,3,1
2013,22.01,Bangalore,SaaS,7075273,1652501,Medium,3,1
2011,16.37,Bangalore,SaaS,9789461,1968591,Medium,3,1
2013,21.89,Pune,SaaS,14696646,4001242,Medium,3,1
2024,14.7,Bangalore,E-commerce,4947321,743944,Medium,3,1
2019,21.34,Chennai,AI/ML,17929040,4376650,Medium,3,1
2019,11.28,Delhi,SaaS,13416157,1547564,High,3,0
2012,15.24,Hyderabad,EdTech,3406405,611917,Medium,3,1
2019,16.64,Mumbai,EdTech,5069146,928255,Medium,4,1
2025,21.49,Chennai,SaaS,19748072,4681305,Medium,3,1
2010,23.68,Hyderabad,SaaS,18927440,5249693,Medium,3,1
2017,22.11,Chennai,EdTech,18625271,4139824,Medium,3,1
2014,17.74,Chennai,E-commerce,2730653,476597,Medium,4,1
2022,16.31,Mumbai,Fintech,1084942,237551,Medium,3,1
2013,17.09,Delhi,Fintech,5063870,1104036,Medium,3,1
2025,21.22,Bangalore,SaaS,1920654,500159,Medium,3,1
2017,21.56,Pune,HealthTech,11105735,2921309,Medium,3,1
2025,23.89,Delhi,SaaS,8855425,2612574,Medium,4,1
2016,26.44,Pune,SaaS,16306167,4993650,Low,5,1
2011,24.8,Mumbai,Fintech,1981177,574425,Medium,4,1
2010,20.48,Mumbai,EdTech,17444207,4064408,Medium,4,1
2021,20.58,Mumbai,SaaS,4492942,1221130,Medium,4,1
2025,20.05,Hyderabad,EdTech,16662243,3698547,Medium,3,1
2025,20.98,Pune,EdTech,6414063,1391067,Medium,3,1
2020,19.56,Delhi,HealthTech,14408971,3344530,Medium,3,1
2013,14.4,Delhi,EdTech,8461813,1373717,Medium,4,1
2017,15.7,Chennai,Fintech,7462544,1409360,Medium,3,1
2021,11.37,Chennai,E-commerce,18822545,2486145,High,3,0
2011,9.85,Chennai,E-commerce,15895832,1627203,High,2,0
2012,22.75,Mumbai,AI/ML,17668886,5530370,Low,5,1
2021,16.0,Delhi,SaaS,8127339,1462410,Medium,3,1
2010,15.65,Pune,Fintech,12707414,2184464,Medium,3,1
2010,18.1,Mumbai,EdTech,13822039,3010634,Medium,3,1
2022,14.54,Hyderabad,E-commerce,1850339,294116,Medium,3,1
2012,19.29,Chennai,Fintech,12308606,2393924,Medium,4,1
2020,18.1,Mumbai,E-commerce,4234942,822298,Medium,3,1
2014,18.59,Mumbai,EdTech,8929241,1855384,Medium,3,1
2021,18.56,Hyderabad,E-commerce,9940501,2188580,Medium,3,1
2012,19.24,Bangalore,SaaS,13390036,2901761,Medium,4,1
2010,23.84,Delhi,SaaS,10766774,2823952,Medium,3,1
2010,23.08,Pune,AI/ML,13794235,3586433,Medium,3,1
2017,22.51,Bangalore,AI/ML,14498996,4645771,Low,4,1
2019,18.38,Chennai,E-commerce,8292590,1928914,Medium,3,1
2020,15.38,Mumbai,Fintech,12311984,2585955,Medium,3,1
2021,25.07,Hyderabad,SaaS,3321105,1035925,Low,5,1
2022,17.15,Hyderabad,Fintech,15599940,3364078,Medium,4,1
2022,14.35,Delhi,Fintech,10789554,1475158,High,3,0
2021,15.96,Bangalore,E-commerce,1426109,274238,Medium,3,1
2024,16.87,Delhi,Fintech,16808429,3110444,Medium,4,1
2023,25.08,Mumbai,SaaS,17985885,5735778,Low,4,1
2011,14.7,Delhi,EdTech,4727939,593295,High,2,0
2022,22.94,Pune,AI/ML,19584755,5694330,Medium,3,1
2012,11.72,Hyderabad,EdTech,19874098,2524630,High,2,0
2011,20.44,Hyderabad,Fintech,12853900,3365994,Medium,4,1
2012,13.67,Chennai,EdTech,4447526,738837,Medium,4,1
2016,21.08,Chennai,SaaS,7933976,1754112,Medium,4,1
2010,17.71,Mumbai,SaaS,9616075,1880667,Medium,3,1
2019,11.86,Pune,Fintech,4161306,585425,High,3,0
2017,14.39,Bangalore,E-commerce,10912577,2124819,Medium,4,1
2022,16.26,Delhi,EdTech,1497057,261947,Medium,3,1
2019,16.64,Mumbai,E-commerce,16602153,2893106,Medium,4,1
2019,18.67,Chennai,E-commerce,15985919,3158778,Medium,3,1
2019,25.74,Delhi,HealthTech,4174153,1280598,Low,5,1
2023,20.59,Chennai,Fintech,5248584,1270784,Medium,4,1
2011,22.84,Delhi,AI/ML,2712292,715412,Medium,4,1
2012,14.72,Bangalore,SaaS,1884410,318789,Medium,3,1
2018,19.61,Mumbai,SaaS,11195807,2402954,Medium,4,1
2016,18.64,Delhi,Fintech,14674898,3411089,Medium,4,1
2013,21.4,Pune,AI/ML,13146791,3277283,Medium,4,1
2019,20.9,Hyderabad,SaaS,7830395,1819837,Medium,4,1
2014,21.37,Pune,Fintech,2548880,609303,Medium,3,1
2011,16.54,Pune,SaaS,2969606,489852,Medium,3,1
2022,11.5,Hyderabad,E-commerce,13806957,1675909,High,3,0
2020,15.58,Pune,EdTech,1545533,288821,Medium,4,1
2022,14.15,Delhi,EdTech,1785844,244530,High,3,0
2017,14.08,Delhi,SaaS,5173584,754101,High,2,0
2013,17.01,Delhi,HealthTech,1287600,229526,Medium,4,1
2018,18.3,Hyderabad,AI/ML,5001572,1145092,Medium,4,1
2014,25.63,Pune,AI/ML,16919897,6227251,Low,4,1
2022,27.11,Hyderabad,AI/ML,7461848,2521663,Low,4,1
2018,10.71,Delhi,E-commerce,6057821,718775,High,2,0
2013,23.64,Pune,AI/ML,1985619,548491,Medium,4,1
2019,18.62,Pune,EdTech,19115740,3867765,Medium,3,1
2014,9.52,Chennai,E-commerce,17399242,2024437,High,2,0
2018,18.48,Chennai,Fintech,16258910,3506345,Medium,4,1
2017,29.6,Bangalore,AI/ML,5622194,2571380,Low,4,1
2025,24.03,Mumbai,AI/ML,10170115,3486604,Low,5,1
2012,17.26,Chennai,Fintech,12099520,2393084,Medium,4,1
2010,20.32,Hyderabad,AI/ML,11493292,2917666,Medium,3,1
2012,11.93,Chennai,Fintech,18012269,2802978,Medium,4,1
2025,15.41,Bangalore,E-commerce,1062167,196606,Medium,3,1
2013,21.84,Pune,EdTech,12008320,3187201,Medium,3,1
2011,15.56,Bangalore,Fintech,14039548,3122488,Medium,3,1
2010,14.19,Pune,HealthTech,13086538,2185162,Medium,4,1
2016,16.01,Pune,Fintech,18936016,3630095,Medium,3,1
2025,24.64,Mumbai,AI/ML,10432579,3593370,Low,5,1
2017,12.71,Chennai,E-commerce,2307737,346438,Medium,4,1
2016,16.54,Hyderabad,SaaS,4251531,861540,Medium,4,1
2023,14.06,Hyderabad,E-commerce,8419710,1199016,High,2,0
2025,19.69,Delhi,SaaS,11733080,2416048,Medium,4,1
2014,13.83,Pune,Fintech,14709920,2276554,Medium,4,1
2021,15.35,Hyderabad,EdTech,17421670,3234385,Medium,3,1
2010,18.51,Mumbai,HealthTech,13519354,2800582,Medium,3,1
2016,12.08,Pune,E-commerce,754043,114752,Medium,4,1
2022,18.95,Mumbai,AI/ML,11448687,2986944,Medium,4,1
2016,21.82,Hyderabad,SaaS,5314647,1463333,Medium,3,1
2018,20.07,Hyderabad,AI/ML,6131213,1434950,Medium,4,1
2012,10.02,Delhi,EdTech,5424374,585196,High,3,0
2018,19.79,Hyderabad,SaaS,16101011,3768846,Medium,4,1
2023,16.18,Pune,E-commerce,2345733,434875,Medium,4,1
2010,15.61,Pune,Fintech,9902999,1843435,Medium,3,1
2010,20.32,Pune,AI/ML,15525940,3850369,Medium,4,1
2023,14.05,Delhi,EdTech,7821105,1189854,Medium,3,1
2013,12.96,Delhi,E-commerce,17750222,2743697,Medium,4,1
2025,17.32,Hyderabad,E-commerce,6084581,1083575,Medium,3,1
2018,13.66,Bangalore,E-commerce,14815538,2701409,Medium,4,1
2015,16.52,Bangalore,E-commerce,7756300,1641685,Medium,3,1
2022,16.09,Delhi,SaaS,1697442,282838,Medium,4,1
2020,12.85,Hyderabad,E-commerce,1699529,255237,Medium,3,1
2012,24.86,Bangalore,AI/ML,2290228,805810,Low,5,1
2010,13.58,Hyderabad,EdTech,7552514,1019252,High,3,0
2013,22.04,Hyderabad,SaaS,19600392,5005455,Medium,3,1
2021,12.11,Hyderabad,E-commerce,10117959,1381298,High,2,0
2022,19.04,Chennai,HealthTech,15271352,3265397,Medium,3,1
2018,25.01,Pune,HealthTech,9360286,2820586,Low,4,1
2012,14.69,Hyderabad,EdTech,11871493,1830658,Medium,3,1
2021,18.44,Chennai,Fintech,6517004,1538410,Medium,4,1
2018,19.85,Delhi,Fintech,4708694,1014209,Medium,3,1
2016,19.68,Bangalore,SaaS,17774835,4500753,Medium,3,1
2021,19.77,Pune,SaaS,17495763,3432126,Medium,4,1
2023,18.83,Bangalore,SaaS,4921740,1106890,Medium,3,1
2024,14.09,Pune,Fintech,11210881,1842174,Medium,3,1
2025,21.04,Bangalore,HealthTech,15431127,4044184,Medium,3,1
2013,15.8,Pune,Fintech,8853135,1577917,Medium,4,1
2012,24.33,Bangalore,AI/ML,10311141,3134299,Low,4,1
2019,18.12,Bangalore,E-commerce,4358804,994729,Medium,4,1
2024,13.58,Bangalore,SaaS,2825452,501517,Medium,4,1
2025,24.12,Bangalore,HealthTech,15283984,4633039,Low,4,1
2014,14.77,Delhi,EdTech,14868342,2145171,High,3,0
2014,15.61,Hyderabad,EdTech,1428252,281027,Medium,3,1
2012,11.26,Mumbai,E-commerce,1100338,134377,High,2,0
2021,20.57,Chennai,HealthTech,13629938,2932567,Medium,3,1
2018,18.2,Mumbai,Fintech,574231,106063,Medium,3,1
2013,21.23,Mumbai,Fintech,4026185,1042180,Medium,3,1
2020,19.78,Pune,AI/ML,3093050,750094,Medium,4,1
2014,26.98,Hyderabad,AI/ML,12911137,4751538,Low,5,1
2013,19.99,Pune,Fintech,4100957,1001769,Medium,4,1
2014,16.27,Hyderabad,EdTech,9968740,1830001,Medium,4,1
2016,18.46,Hyderabad,SaaS,14389958,3001136,Medium,3,1
2025,15.08,Bangalore,EdTech,12174357,2308793,Medium,3,1
2018,21.28,Delhi,AI/ML,10551526,3158303,Medium,4,1
2016,14.51,Bangalore,E-commerce,9405808,1751656,Medium,3,1
2022,17.37,Delhi,Fintech,14367431,2745751,Medium,4,1
2014,20.08,Pune,AI/ML,4877987,1298744,Medium,4,1
2019,22.52,Delhi,AI/ML,4339973,1157983,Medium,4,1
2019,16.49,Pune,SaaS,18641080,3205895,Medium,4,1
2016,18.97,Mumbai,Fintech,8036324,1711161,Medium,3,1
2023,18.33,Mumbai,SaaS,13615037,2879986,Medium,3,1
2024,20.09,Delhi,Fintech,5921251,1370290,Medium,4,1
2019,21.97,Delhi,SaaS,7728119,2218760,Medium,4,1
2014,18.97,Pune,EdTech,19237436,3703219,Medium,4,1
2012,14.95,Bangalore,E-commerce,3500264,687687,Medium,4,1
2016,15.3,Pune,E-commerce,9922487,1662384,Medium,4,1
2022,17.03,Bangalore,Fintech,17425394,3066574,Medium,3,1
2020,22.03,Mumbai,HealthTech,8946731,2349210,Medium,4,1
2020,24.37,Hyderabad,AI/ML,2708977,910184,Low,5,1
2011,17.3,Delhi,AI/ML,16761648,3646760,Medium,3,1
2024,19.14,Bangalore,Fintech,1717309,417943,Medium,3,1
2021,23.1,Pune,SaaS,7815664,2285344,Medium,3,1
2018,18.93,Mumbai,HealthTech,14282350,3079719,Medium,3,1
2019,14.28,Bangalore,EdTech,9603611,1450317,Medium,3,1
2019,17.74,Pune,SaaS,2775598,461294,Medium,3,1
2021,14.49,Delhi,SaaS,5392571,937928,Medium,3,1
2010,18.38,Delhi,Fintech,9279116,2035812,Medium,3,1
2022,18.09,Chennai,Fintech,10657715,2352919,Medium,3,1
2015,22.59,Hyderabad,AI/ML,17313376,4461800,Medium,4,1
2016,19.25,Chennai,Fintech,519156,100481,Medium,3,1
2023,15.61,Mumbai,Fintech,3070348,518403,Medium,4,1
2022,18.82,Bangalore,Fintech,19839904,4260520,Medium,4,1
2017,23.33,Mumbai,AI/ML,7464745,2537557,Low,5,1
2019,14.53,Pune,EdTech,13542734,2321488,Medium,4,1
2018,17.26,Delhi,EdTech,13040282,2322238,Medium,4,1
2011,18.24,Chennai,Fintech,5974106,1287294,Medium,4,1
2020,20.11,Chennai,AI/ML,10703238,2515569,Medium,4,1
2019,16.85,Chennai,EdTech,14593179,2736589,Medium,4,1
2011,18.13,Mumbai,SaaS,1381809,270490,Medium,3,1
2014,18.09,Delhi,EdTech,4999311,1026788,Medium,4,1
2022,15.28,Bangalore,EdTech,6856895,1128056,Medium,4,1
2014,18.13,Pune,AI/ML,4308282,1037691,Medium,4,1
2015,19.8,Bangalore,SaaS,16955387,3923460,Medium,4,1
2012,22.69,Mumbai,AI/ML,17922865,4936927,Medium,3,1
2017,14.76,Pune,Fintech,8918385,1730743,Medium,4,1
2025,16.25,Chennai,E-commerce,3902155,715428,Medium,3,1
2022,18.09,Hyderabad,EdTech,17475326,3396361,Medium,3,1
2010,11.39,Mumbai,E-commerce,16577985,2336033,High,3,0
2015,20.02,Mumbai,AI/ML,17054494,3950815,Medium,4,1
2013,21.57,Delhi,AI/ML,13773480,3959162,Medium,3,1
2010,19.72,Bangalore,AI/ML,8264461,2127645,Medium,4,1
2024,15.92,Mumbai,E-commerce,15430513,3003245,Medium,4,1
2016,22.45,Mumbai,AI/ML,18976763,4836957,Medium,3,1
2018,14.72,Chennai,Fintech,11766205,1936802,Medium,3,1
2022,19.53,Chennai,AI/ML,6994374,1689219,Medium,4,1
2013,23.56,Pune,HealthTech,11998431,3660045,Low,5,1
2013,18.61,Hyderabad,E-commerce,3440107,765372,Medium,4,1
2015,21.62,Delhi,HealthTech,19327457,4746758,Medium,3,1
2021,21.37,Hyderabad,AI/ML,11909642,3287793,Medium,4,1
2024,16.68,Pune,Fintech,5434349,1161978,Medium,3,1
2012,17.65,Chennai,EdTech,1656245,311077,Medium,3,1
2022,19.23,Bangalore,SaaS,5426622,1231339,Medium,4,1
2021,14.17,Chennai,SaaS,658998,89803,High,2,0
2015,25.1,Delhi,AI/ML,10564687,3172706,Low,5,1
2016,22.04,Chennai,Fintech,9511603,2081549,Medium,4,1
2020,16.21,Delhi,E-commerce,16635036,2943656,Medium,3,1
2019,16.73,Delhi,HealthTech,10891619,2305699,Medium,4,1
2019,18.09,Delhi,HealthTech,6684398,1177849,Medium,3,1
2012,14.43,Pune,HealthTech,15425911,2924467,Medium,3,1
2016,18.79,Delhi,E-commerce,8706336,1754348,Medium,4,1
2023,17.93,Delhi,SaaS,13957080,2801674,Medium,4,1
2012,25.0,Bangalore,Fintech,4961918,1466836,Medium,4,1
2022,19.87,Hyderabad,E-commerce,14277513,2775558,Medium,4,1
2022,17.29,Mumbai,HealthTech,2308516,464674,Medium,3,1
2011,19.88,Hyderabad,AI/ML,1456011,425806,Medium,3,1
2021,17.4,Delhi,EdTech,2217355,376949,Medium,3,1
2023,8.74,Bangalore,E-commerce,7348829,665791,High,3,0
2019,12.69,Chennai,E-commerce,12131400,1731216,High,2,0
2013,16.39,Bangalore,Fintech,11842326,2374201,Medium,3,1
2021,23.55,Delhi,Fintech,17058054,4471174,Medium,4,1
2017,14.48,Bangalore,E-commerce,7349221,1265958,Medium,4,1
2022,19.15,Bangalore,HealthTech,10776325,2744458,Medium,4,1
2024,14.11,Delhi,EdTech,9572684,1378219,High,2,0
2018,20.68,Pune,Fintech,639133,156365,Medium,4,1
2016,18.51,Bangalore,HealthTech,10351205,2622260,Medium,3,1
2010,21.85,Mumbai,AI/ML,770001,200676,Medium,3,1
2012,16.08,Mumbai,Fintech,14798468,2344014,Medium,3,1
2022,15.45,Bangalore,HealthTech,1899298,391057,Medium,3,1
2021,17.01,Pune,HealthTech,4647413,1134911,Medium,3,1
2023,14.49,Chennai,EdTech,1282409,200903,Medium,4,1
2018,15.21,Delhi,EdTech,8376146,1386530,Medium,3,1
2024,21.34,Mumbai,AI/ML,10606434,2864197,Medium,4,1
2021,19.73,Chennai,HealthTech,16738923,4409630,Medium,3,1
2010,17.53,Bangalore,SaaS,17990607,3793155,Medium,3,1
2018,24.05,Chennai,HealthTech,6255536,1755240,Medium,4,1
2017,18.84,Hyderabad,EdTech,13588262,3028734,Medium,3,1
2010,18.59,Mumbai,SaaS,17614380,3740351,Medium,3,1
2015,18.76,Bangalore,Fintech,12062817,2501829,Medium,4,1
2014,16.88,Delhi,Fintech,3263779,673950,Medium,4,1
2015,5.47,Pune,E-commerce,16084393,941365,High,2,0
2019,16.06,Bangalore,EdTech,3358214,574366,Medium,3,1
2021,14.92,Delhi,E-commerce,19512183,3744992,Medium,3,1
2022,14.16,Pune,SaaS,19298096,3081879,Medium,4,1
2025,17.5,Pune,EdTech,11689893,2322029,Medium,3,1
2022,21.16,Bangalore,AI/ML,11304946,3164807,Medium,4,1
2022,21.01,Chennai,HealthTech,16225535,3752308,Medium,4,1
2024,21.25,Chennai,AI/ML,4393193,1217445,Medium,3,1
2014,22.75,Pune,SaaS,6181868,1649590,Medium,4,1
2025,16.68,Chennai,EdTech,1755959,300031,Medium,3,1
2015,22.01,Hyderabad,SaaS,19390903,5099662,Medium,3,1
2014,23.25,Pune,HealthTech,7120090,1898762,Medium,4,1
2020,14.64,Pune,Fintech,18896642,2937921,Medium,4,1
2021,15.78,Delhi,Fintech,14512674,2364309,Medium,4,1
2014,20.35,Chennai,SaaS,19415637,4574377,Medium,4,1
2013,12.9,Pune,E-commerce,5523198,775972,High,3,0
2012,15.28,Hyderabad,EdTech,9809239,1851513,Medium,4,1
2012,19.86,Delhi,EdTech,11424504,2421610,Medium,3,1
2013,17.07,Bangalore,Fintech,18927175,3730154,Medium,3,1
2018,19.09,Pune,AI/ML,19465293,4696813,Medium,3,1
2011,17.5,Hyderabad,HealthTech,5284973,1001067,Medium,4,1
2024,28.55,Mumbai,AI/ML,1790906,658122,Low,5,1
2018,21.47,Hyderabad,AI/ML,17078821,4737137,Medium,4,1
2010,14.91,Hyderabad,SaaS,14145219,2473631,Medium,3,1
2023,12.69,Delhi,Fintech,1935367,309853,Medium,3,1
2024,16.13,Bangalore,Fintech,12609648,3025786,Medium,4,1
2024,17.41,Mumbai,Fintech,3746849,831456,Medium,4,1
2010,21.85,Chennai,SaaS,9154584,2479753,Medium,4,1
2014,16.56,Chennai,E-commerce,18882412,4185417,Medium,4,1
2015,21.98,Hyderabad,AI/ML,13095379,3334939,Medium,3,1
2015,17.64,Delhi,SaaS,5887059,1177180,Medium,3,1
2012,17.02,Delhi,EdTech,18323067,3212059,Medium,3,1
2025,14.75,Chennai,HealthTech,3164921,590381,Medium,4,1
2016,19.94,Mumbai,E-commerce,18711946,4447317,Medium,3,1
2018,17.96,Bangalore,EdTech,12682338,2458865,Medium,4,1
2020,24.6,Mumbai,AI/ML,15929051,5083084,Low,5,1
2021,14.78,Pune,Fintech,4854489,905581,Medium,4,1
2019,25.85,Pune,AI/ML,2458615,710386,Medium,3,1
2025,17.62,Bangalore,SaaS,15505252,3094875,Medium,3,1
2025,17.14,Chennai,HealthTech,1478534,277466,Medium,4,1
2017,18.88,Bangalore,SaaS,13356870,3131438,Medium,3,1
2015,13.81,Delhi,E-commerce,12752984,2133024,Medium,4,1
2021,10.76,Pune,E-commerce,1818155,184481,High,3,0
2017,17.32,Hyderabad,HealthTech,1484588,312743,Medium,4,1
2021,13.08,Hyderabad,EdTech,4949399,660981,High,2,0
2014,13.11,Chennai,EdTech,981632,150361,Medium,3,1
2017,12.84,Delhi,E-commerce,8223047,1140681,High,3,0
2019,9.83,Mumbai,E-commerce,7041173,816012,High,2,0
2021,15.93,Delhi,Fintech,5775820,1050724,Medium,3,1
2013,19.14,Hyderabad,EdTech,9418562,2165720,Medium,3,1
2019,22.47,Hyderabad,HealthTech,12939415,4086162,Low,4,1
2017,12.85,Pune,EdTech,11901945,1518546,High,3,0
2019,20.87,Delhi,Fintech,5604138,1234585,Medium,3,1
2021,13.1,Delhi,SaaS,15386781,2319868,Medium,4,1
2011,21.29,Hyderabad,E-commerce,10299796,2323975,Medium,4,1
2021,17.9,Mumbai,E-commerce,526505,118142,Medium,3,1
2021,16.32,Chennai,Fintech,15627667,3199867,Medium,4,1
2014,21.15,Chennai,HealthTech,13912513,3332556,Medium,4,1
2018,9.8,Delhi,E-commerce,18927591,1918007,High,2,0
2013,22.18,Chennai,AI/ML,16149310,4330187,Medium,4,1
2025,13.45,Hyderabad,E-commerce,17489420,2689538,Medium,4,1
2020,19.5,Hyderabad,AI/ML,9416776,2371455,Medium,3,1
2015,16.59,Delhi,Fintech,18250431,2836256,Medium,3,1
2024,16.3,Delhi,Fintech,17845043,3065581,Medium,3,1
2010,10.6,Pune,E-commerce,11225816,1293913,High,2,0
2018,13.43,Delhi,EdTech,1767633,237958,High,2,0
2010,17.67,Mumbai,AI/ML,4184815,738894,Medium,4,1
2014,22.57,Chennai,HealthTech,13590712,3084744,Medium,4,1
2013,11.2,Delhi,E-commerce,2526182,279221,High,2,0
2022,16.33,Bangalore,HealthTech,5138246,1051894,Medium,3,1
2021,16.52,Pune,E-commerce,8877900,1590267,Medium,4,1
2025,17.11,Bangalore,EdTech,2710186,508493,Medium,3,1
2022,18.41,Hyderabad,EdTech,19808412,4277524,Medium,3,1
2022,18.75,Chennai,EdTech,17331213,3737933,Medium,4,1
2023,24.81,Delhi,SaaS,10978661,3093058,Medium,4,1
2012,15.53,Bangalore,EdTech,14543777,2634127,Medium,4,1
2022,13.63,Chennai,Fintech,6107423,894307,High,2,0
2015,18.81,Hyderabad,Fintech,9689589,2017352,Medium,4,1
2011,16.99,Mumbai,SaaS,15132787,2637613,Medium,3,1
2012,19.13,Pune,AI/ML,5434990,1271366,Medium,4,1
2025,20.3,Chennai,HealthTech,14600219,3731311,Medium,3,1
2014,16.6,Chennai,E-commerce,9459601,1935733,Medium,3,1
2024,11.49,Mumbai,E-commerce,8260004,1085513,High,2,0
2018,22.82,Chennai,SaaS,13929734,3743721,Medium,4,1
2011,15.03,Hyderabad,Fintech,15248433,2079565,High,3,0
2019,13.27,Hyderabad,E-commerce,14768788,2145185,High,3,0
2017,19.16,Mumbai,Fintech,15930110,3556962,Medium,3,1
2023,20.84,Pune,AI/ML,3093449,900372,Medium,4,1
2011,14.67,Delhi,HealthTech,10477466,1859880,Medium,4,1
2020,24.78,Bangalore,AI/ML,18295759,6221656,Low,4,1
2022,17.13,Delhi,SaaS,7274870,1447664,Medium,3,1
2014,18.23,Chennai,EdTech,7604527,1505127,Medium,4,1
2016,12.21,Bangalore,EdTech,12313685,1949036,Medium,4,1
2017,12.72,Mumbai,EdTech,18399105,2164470,High,3,0
2010,24.59,Mumbai,AI/ML,9637819,3107026,Low,4,1
2015,15.02,Pune,E-commerce,3758881,691527,Medium,4,1
2010,18.68,Bangalore,HealthTech,12839084,2575421,Medium,3,1
2011,17.07,Hyderabad,EdTech,7024367,1410173,Medium,3,1
2025,16.14,Bangalore,SaaS,19462244,3568945,Medium,4,1
2024,19.33,Chennai,SaaS,5303958,1171866,Medium,4,1
2010,16.39,Hyderabad,EdTech,3987924,675450,Medium,3,1
2020,14.88,Mumbai,EdTech,18050054,3279162,Medium,3,1
2014,17.49,Bangalore,HealthTech,761420,164615,Medium,4,1
2019,16.21,Delhi,EdTech,977843,181257,Medium,4,1
2024,19.84,Pune,HealthTech,5029943,1234795,Medium,4,1
2018,17.6,Delhi,SaaS,11148764,2062058,Medium,3,1
2015,12.9,Pune,EdTech,14430333,2114148,High,2,0
2020,22.04,Chennai,AI/ML,13479513,3476677,Medium,4,1
2020,20.61,Delhi,AI/ML,19102476,4843642,Medium,3,1
2010,15.9,Bangalore,SaaS,10953914,2055219,Medium,3,1
2022,20.13,Bangalore,HealthTech,5275833,1440223,Medium,4,1
2010,26.82,Delhi,AI/ML,12736201,4362525,Low,4,1
2011,18.9,Bangalore,HealthTech,4687694,1117974,Medium,4,1
2018,26.49,Chennai,AI/ML,10101588,3126383,Low,5,1
2012,28.34,Hyderabad,AI/ML,3599834,1155067,Low,4,1
2024,17.14,Chennai,HealthTech,10144581,2081906,Medium,3,1
2010,14.03,Pune,E-commerce,17181412,2570050,High,3,0
2014,28.31,Chennai,AI/ML,4064507,1208595,Medium,3,1
2025,15.64,Pune,EdTech,4799489,732329,Medium,4,1
2016,19.11,Bangalore,SaaS,3682132,962189,Medium,3,1
2015,8.99,Hyderabad,E-commerce,3940863,380544,High,2,0
2021,18.41,Bangalore,HealthTech,13935230,3525329,Medium,3,1
2010,15.67,Mumbai,E-commerce,8486322,1506519,Medium,4,1
2014,25.29,Bangalore,Fintech,7137448,2444155,Low,4,1
2024,17.41,Pune,Fintech,11927391,2644924,Medium,4,1
2014,17.01,Bangalore,AI/ML,7635580,1601383,Medium,4,1
2015,17.78,Bangalore,AI/ML,13655197,2695776,Medium,4,1
2012,15.89,Hyderabad,EdTech,644375,95713,High,2,0
2014,22.53,Bangalore,SaaS,6213948,1584526,Medium,4,1
2016,15.91,Hyderabad,E-commerce,4729491,982411,Medium,4,1
2014,19.38,Delhi,Fintech,5683584,1217047,Medium,3,1
2014,25.93,Mumbai,AI/ML,6411993,2179589,Low,5,1
2014,16.84,Hyderabad,SaaS,18795776,4036832,Medium,4,1
2019,14.06,Pune,E-commerce,2394420,381394,Medium,3,1
2019,20.44,Delhi,AI/ML,7569222,1905100,Medium,4,1
2012,21.19,Hyderabad,AI/ML,17819013,4993529,Medium,3,1
2010,14.98,Hyderabad,Fintech,12426106,2239826,Medium,4,1
2014,16.97,Mumbai,Fintech,7057642,1437024,Medium,4,1
2023,21.92,Pune,AI/ML,5936526,1530054,Medium,3,1
2018,18.89,Chennai,HealthTech,19073434,4293513,Medium,4,1
2023,21.52,Chennai,AI/ML,14887810,4306032,Medium,4,1
2010,20.22,Hyderabad,SaaS,1052226,280702,Medium,4,1
2012,25.72,Bangalore,AI/ML,8014782,2784250,Low,4,1
2022,19.93,Pune,EdTech,10169504,2347363,Medium,3,1
2022,18.28,Delhi,EdTech,8207690,1641948,Medium,3,1
2013,12.22,Bangalore,EdTech,7503621,1051674,High,2,0
2023,18.92,Bangalore,HealthTech,10929011,2723163,Medium,3,1
2010,19.18,Pune,HealthTech,4303074,1080851,Medium,4,1
2010,20.03,Hyderabad,AI/ML,7916510,1856145,Medium,3,1
2017,17.03,Hyderabad,EdTech,13034834,2162822,Medium,3,1
2025,15.22,Hyderabad,HealthTech,14536865,2557186,Medium,3,1
2011,23.08,Hyderabad,Fintech,7967133,2199128,Medium,4,1
2021,25.59,Chennai,AI/ML,2278244,770606,Low,5,1
2024,20.43,Hyderabad,SaaS,12030145,2614586,Medium,3,1
2017,13.81,Chennai,E-commerce,1680859,206865,High,3,0
2016,25.69,Chennai,AI/ML,13476357,4104170,Low,5,1
2019,16.07,Hyderabad,E-commerce,7233214,1297543,Medium,4,1
2019,19.32,Mumbai,EdTech,2480425,492901,Medium,4,1
2011,13.82,Delhi,E-commerce,7941521,1136129,High,2,0
2015,21.37,Bangalore,EdTech,8577813,2263884,Medium,3,1
2015,21.5,Chennai,Fintech,8194420,2045177,Medium,4,1
2012,15.53,Pune,E-commerce,15769936,2826602,Medium,4,1
2020,25.77,Pune,AI/ML,10350350,3233791,Low,5,1
2011,14.74,Delhi,EdTech,16899173,2507277,High,3,0
2021,18.5,Pune,AI/ML,3441616,771427,Medium,3,1
2010,20.96,Mumbai,HealthTech,19751586,5348193,Medium,4,1
2015,15.83,Pune,EdTech,6104297,929243,Medium,3,1
2021,13.41,Bangalore,E-commerce,16483597,2971986,Medium,4,1
2014,19.65,Bangalore,EdTech,19356153,4594804,Medium,3,1
2023,22.5,Chennai,AI/ML,12629980,3362031,Medium,4,1
2023,18.79,Hyderabad,Fintech,18632313,4385270,Medium,3,1
2020,15.02,Mumbai,EdTech,19332613,3614585,Medium,3,1
2018,16.64,Chennai,E-commerce,10136094,1827011,Medium,3,1
2010,22.11,Mumbai,HealthTech,11315723,3052923,Medium,4,1
2025,21.62,Hyderabad,SaaS,10837305,3029661,Medium,3,1
2024,16.51,Pune,Fintech,14108519,3172777,Medium,4,1
2024,23.91,Pune,HealthTech,1579037,452653,Medium,3,1
2016,21.52,Hyderabad,EdTech,12841518,2763974,Medium,3,1
2024,24.53,Chennai,AI/ML,4651951,1357113,Medium,4,1
2014,19.57,Hyderabad,AI/ML,3655200,975898,Medium,3,1
2014,11.59,Delhi,E-commerce,18132911,2124942,High,3,0
2023,20.87,Bangalore,AI/ML,17389252,4711512,Medium,4,1
2011,16.31,Chennai,Fintech,11273427,2170351,Medium,4,1
2020,21.79,Mumbai,AI/ML,1389694,363423,Medium,4,1
2012,15.9,Delhi,E-commerce,17867564,3403520,Medium,3,1
2016,19.87,Chennai,SaaS,16499863,3920761,Medium,3,1
2015,16.61,Hyderabad,EdTech,8195082,1741660,Medium,4,1
2025,15.28,Hyderabad,EdTech,9797729,1753317,Medium,3,1
2021,21.78,Hyderabad,AI/ML,11028922,2793785,Medium,3,1
2011,22.39,Hyderabad,HealthTech,4566981,1287098,Medium,4,1
2015,9.96,Mumbai,EdTech,4967801,605695,High,2,0
2011,18.97,Delhi,SaaS,11098073,2558021,Medium,4,1
2011,22.86,Pune,AI/ML,11014237,2947508,Medium,3,1
2011,16.35,Bangalore,E-commerce,19460741,3509122,Medium,3,1
2023,15.97,Mumbai,SaaS,12963277,2235190,Medium,4,1
2024,18.81,Mumbai,AI/ML,1193464,328312,Medium,3,1
2020,20.75,Pune,SaaS,9607338,2394447,Medium,3,1
2012,10.29,Pune,EdTech,2077415,218025,High,3,0
2024,18.0,Bangalore,E-commerce,4762663,1028614,Medium,3,1
2011,22.68,Bangalore,AI/ML,4093824,1213453,Medium,4,1
2013,22.68,Pune,Fintech,16372628,3988057,Medium,3,1
2018,10.74,Hyderabad,E-commerce,1858356,226961,High,3,0
2015,16.69,Mumbai,Fintech,18792935,3852051,Medium,4,1
2010,11.78,Chennai,SaaS,1337566,206039,Medium,4,1
2017,17.61,Bangalore,HealthTech,7142516,1507902,Medium,4,1
2024,13.45,Bangalore,E-commerce,10045151,1385418,High,3,0
2021,13.11,Pune,SaaS,8983063,1234384,High,2,0
2023,16.82,Delhi,Fintech,8623155,1538272,Medium,3,1
2016,10.04,Chennai,EdTech,18501197,1939904,High,3,0
2019,15.23,Chennai,EdTech,2836798,428070,Medium,3,1
2012,23.44,Bangalore,HealthTech,16016252,5061708,Low,5,1
2010,13.9,Hyderabad,E-commerce,19435560,2789036,High,2,0
2014,18.97,Delhi,E-commerce,18112381,3791993,Medium,3,1
2022,16.36,Chennai,E-commerce,13895337,2933238,Medium,4,1
2013,23.04,Bangalore,SaaS,19011644,5535928,Medium,4,1
2019,17.71,Chennai,HealthTech,4322069,939100,Medium,3,1
2017,11.63,Delhi,E-commerce,10932291,1609067,High,2,0
2010,20.04,Delhi,SaaS,3644787,901051,Medium,4,1
2019,11.27,Mumbai,EdTech,8846988,1181452,High,2,0
2010,19.41,Pune,Fintech,12141380,2677253,Medium,3,1
2021,18.03,Pune,SaaS,10442357,2149754,Medium,4,1
2013,19.99,Bangalore,EdTech,11166822,2563537,Medium,3,1
2017,18.04,Delhi,EdTech,8492726,1588042,Medium,4,1
2014,21.29,Mumbai,Fintech,19443719,5092186,Medium,4,1
2011,13.74,Mumbai,EdTech,8545391,1368571,Medium,4,1
2015,23.14,Chennai,HealthTech,9122693,2251947,Medium,3,1
2014,22.33,Chennai,Fintech,9646779,2809970,Medium,3,1
2011,15.88,Mumbai,EdTech,998095,185673,Medium,4,1
2022,19.78,Chennai,AI/ML,11056069,2646433,Medium,4,1
2023,16.83,Delhi,SaaS,10379032,1995127,Medium,3,1
2020,19.72,Hyderabad,EdTech,12561944,2933965,Medium,3,1
2020,28.05,Delhi,HealthTech,11651870,3384304,Medium,3,1
2025,11.06,Mumbai,E-commerce,11613050,1484873,High,3,0
2020,12.82,Mumbai,EdTech,3830263,504187,High,3,0
2012,16.76,Delhi,E-commerce,14118777,3161609,Medium,3,1
2024,19.74,Chennai,AI/ML,14411580,3554787,Medium,3,1
2018,19.06,Chennai,EdTech,4165842,777611,Medium,3,1
2016,19.4,Pune,Fintech,11626576,3383122,Medium,4,1
2016,13.93,Mumbai,E-commerce,3291338,511772,Medium,4,1
2025,23.32,Bangalore,AI/ML,11074811,3352619,Low,4,1
2024,19.14,Pune,Fintech,11800059,2602027,Medium,3,1
2020,17.46,Chennai,Fintech,14913188,2800216,Medium,4,1
2015,12.73,Delhi,Fintech,11189065,1659516,High,3,0
2025,18.54,Chennai,Fintech,12341158,2172201,Medium,3,1
2017,20.72,Delhi,EdTech,8734025,2106467,Medium,3,1
2013,14.17,Pune,SaaS,4445123,655733,High,2,0
2017,13.1,Mumbai,EdTech,11443336,1643802,High,3,0
2013,17.28,Chennai,EdTech,5268026,1043724,Medium,3,1
2017,22.12,Delhi,AI/ML,5336161,1420856,Medium,4,1
2018,23.23,Mumbai,AI/ML,19057464,5663251,Medium,4,1
2012,16.9,Bangalore,SaaS,6626664,1245521,Medium,3,1
2025,25.49,Delhi,AI/ML,11496634,4187845,Low,4,1
2012,20.14,Pune,HealthTech,8209824,2061690,Medium,4,1
2020,21.09,Bangalore,SaaS,14875753,3467454,Medium,3,1
2022,22.96,Bangalore,AI/ML,19457235,5981218,Low,5,1
2025,19.53,Hyderabad,SaaS,18057173,3696655,Medium,3,1
2011,17.88,Chennai,EdTech,2413980,531132,Medium,3,1
2022,16.56,Delhi,EdTech,2007394,361700,Medium,3,1
2019,15.43,Bangalore,SaaS,3479845,598969,Medium,3,1
2012,23.26,Hyderabad,HealthTech,3212188,952623,Medium,4,1
2012,22.45,Pune,HealthTech,9142873,2400736,Medium,4,1
2014,12.68,Mumbai,SaaS,5213797,704425,High,3,0
2014,20.04,Delhi,AI/ML,15344468,3878070,Medium,3,1
2011,17.13,Bangalore,E-commerce,1410913,295181,Medium,4,1
2021,14.52,Chennai,HealthTech,2557017,479782,Medium,4,1
2019,20.83,Hyderabad,Fintech,1153817,284107,Medium,4,1
2022,15.58,Bangalore,EdTech,18273649,3315708,Medium,3,1
2015,23.02,Chennai,SaaS,19858721,5246029,Medium,4,1
2014,18.0,Bangalore,Fintech,7055851,1764060,Medium,3,1
2015,16.83,Delhi,SaaS,4608949,848922,Medium,3,1
2010,16.92,Delhi,EdTech,13657587,2568530,Medium,4,1
2014,15.91,Delhi,EdTech,15716576,2809972,Medium,3,1
2018,17.57,Pune,HealthTech,7638512,1649810,Medium,4,1
2021,26.66,Pune,HealthTech,10386458,3218985,Low,5,1
2019,15.09,Hyderabad,Fintech,8067476,1445138,Medium,4,1
2023,12.27,Delhi,SaaS,9835411,1344014,High,3,0
2011,20.75,Chennai,EdTech,3986444,1034575,Medium,4,1
2010,16.25,Bangalore,Fintech,7663357,1477957,Medium,3,1
2023,13.11,Mumbai,E-commerce,10984206,1556987,High,3,0
2019,16.93,Chennai,Fintech,6009165,1172776,Medium,3,1
2022,20.29,Pune,AI/ML,5373014,1352271,Medium,4,1
2020,15.7,Pune,Fintech,17745514,3296588,Medium,4,1
2018,19.01,Chennai,AI/ML,4830453,1093419,Medium,4,1
2019,22.19,Pune,AI/ML,17847519,4987138,Medium,3,1
2018,20.79,Delhi,AI/ML,9877259,2540016,Medium,3,1
2024,16.19,Hyderabad,E-commerce,5670988,1116700,Medium,3,1
2018,19.45,Bangalore,Fintech,3817657,921517,Medium,3,1
2015,15.22,Hyderabad,Fintech,3836640,692223,Medium,4,1
2024,14.33,Bangalore,E-commerce,16026398,2840162,Medium,4,1
2017,14.75,Bangalore,EdTech,5500738,1001928,Medium,3,1
2023,17.03,Hyderabad,HealthTech,3160891,598670,Medium,3,1
2020,20.07,Chennai,Fintech,15673091,3264925,Medium,3,1
2024,19.64,Bangalore,HealthTech,16478042,4648252,Medium,4,1
2025,17.78,Hyderabad,SaaS,15014418,3256533,Medium,3,1
2022,16.43,Bangalore,SaaS,19619310,3832691,Medium,3,1
2010,10.92,Mumbai,E-commerce,2692271,343337,High,3,0
2019,24.97,Chennai,SaaS,16033326,4392887,Medium,3,1
2013,20.0,Delhi,SaaS,16571416,3781925,Medium,4,1
2010,12.73,Bangalore,EdTech,5736441,777655,High,3,0
2017,16.86,Mumbai,EdTech,11920970,2432910,Medium,4,1
2010,19.19,Delhi,EdTech,6331052,1319180,Medium,4,1
2012,19.5,Delhi,SaaS,10478954,2331811,Medium,4,1
2022,18.12,Bangalore,E-commerce,14185713,2835632,Medium,3,1
2013,17.37,Hyderabad,AI/ML,13323529,3038588,Medium,3,1
2024,16.03,Bangalore,AI/ML,3754449,738889,Medium,4,1
2024,20.78,Mumbai,HealthTech,9494006,2314780,Medium,4,1
2024,22.83,Delhi,AI/ML,10476122,2947893,Medium,3,1
2017,11.98,Bangalore,AI/ML,5771810,1095949,Medium,3,1
2015,14.13,Hyderabad,EdTech,5435371,858310,Medium,4,1
2023,12.97,Bangalore,EdTech,760102,90494,High,2,0
2019,14.82,Chennai,SaaS,16591184,2643385,Medium,3,1
2021,16.97,Hyderabad,HealthTech,6318528,1365315,Medium,4,1
2016,19.79,Mumbai,Fintech,8714372,1897470,Medium,3,1
2023,16.95,Delhi,HealthTech,9036239,1915820,Medium,3,1
2017,17.05,Bangalore,HealthTech,1843054,402580,Medium,3,1
2011,9.14,Hyderabad,E-commerce,11222305,1255903,High,2,0
2022,22.81,Chennai,SaaS,3659016,903219,Medium,4,1
2019,15.3,Hyderabad,E-commerce,19003550,3129985,Medium,3,1
2023,12.52,Pune,HealthTech,19124415,2993810,Medium,4,1
2020,17.05,Chennai,HealthTech,18915220,3818499,Medium,3,1
2017,21.59,Mumbai,HealthTech,2229187,594376,Medium,4,1
2012,25.84,Delhi,AI/ML,12216383,4349497,Low,5,1
2016,16.52,Mumbai,E-commerce,1830363,369793,Medium,3,1
2012,18.93,Bangalore,HealthTech,3946839,794793,Medium,4,1
2024,10.21,Hyderabad,EdTech,3613506,432582,High,3,0
2016,21.61,Pune,SaaS,14428440,3766562,Medium,4,1
2023,18.11,Chennai,SaaS,18838230,4231592,Medium,4,1
2020,16.21,Chennai,EdTech,13805560,2237851,Medium,4,1
2024,18.47,Hyderabad,SaaS,5089369,1113782,Medium,3,1
2021,17.93,Pune,AI/ML,3757983,848581,Medium,4,1
2022,23.09,Hyderabad,AI/ML,7402066,1988767,Medium,4,1
2011,18.68,Bangalore,Fintech,12542858,3105113,Medium,3,1
2019,16.72,Mumbai,Fintech,8533651,1692805,Medium,3,1
2015,19.41,Chennai,Fintech,18029188,4410021,Medium,4,1
2012,14.88,Bangalore,SaaS,17078740,2891861,Medium,3,1
2012,21.19,Mumbai,AI/ML,12466115,3023879,Medium,3,1
2024,22.08,Bangalore,AI/ML,4131171,1180603,Medium,3,1
2025,16.8,Pune,AI/ML,8473155,1808960,Medium,3,1
2018,15.83,Chennai,EdTech,11127763,1823525,Medium,3,1
2016,24.2,Hyderabad,AI/ML,5476820,1260631,Medium,3,1
2014,15.09,Hyderabad,EdTech,4243185,727608,Medium,4,1
2021,17.9,Mumbai,Fintech,11246289,2508526,Medium,4,1
2019,19.69,Delhi,Fintech,12659041,3003590,Medium,3,1
2016,17.84,Pune,SaaS,13314719,2634177,Medium,3,1
2018,17.11,Mumbai,Fintech,524363,104725,Medium,4,1
2010,15.47,Delhi,SaaS,16537478,3201195,Medium,3,1
2016,19.96,Bangalore,HealthTech,9283406,2048090,Medium,4,1
2015,19.0,Pune,HealthTech,2545990,566977,Medium,3,1
2019,15.5,Bangalore,E-commerce,5678652,1057384,Medium,4,1
2023,20.69,Chennai,SaaS,1885049,463320,Medium,4,1
2021,16.37,Pune,E-commerce,10987380,2048116,Medium,3,1
2018,12.48,Delhi,E-commerce,6067248,772302,High,2,0
2010,13.47,Chennai,HealthTech,1998447,348647,Medium,3,1
2022,21.22,Hyderabad,SaaS,12129755,2974036,Medium,3,1
2013,21.29,Delhi,HealthTech,18822504,4073973,Medium,4,1
2018,12.09,Mumbai,E-commerce,12991230,1863286,High,2,0
2013,20.66,Hyderabad,SaaS,16546593,4099480,Medium,4,1
2019,9.65,Hyderabad,E-commerce,18872339,2390215,High,2,0
2012,25.09,Mumbai,AI/ML,10887693,3656185,Low,5,1
2018,18.0,Pune,SaaS,15072602,2735630,Medium,3,1
2022,16.51,Hyderabad,SaaS,5764482,972182,Medium,3,1
2011,12.13,Delhi,E-commerce,6630158,975554,High,3,0
2024,21.31,Chennai,AI/ML,18668754,4600428,Medium,3,1
2013,15.96,Hyderabad,EdTech,7719155,1190172,Medium,3,1
2024,20.14,Delhi,HealthTech,7317281,1867462,Medium,3,1
2015,12.71,Bangalore,E-commerce,17448452,2534589,High,2,0
2011,19.6,Delhi,SaaS,589743,139522,Medium,3,1
2024,20.02,Chennai,HealthTech,13530787,2974566,Medium,4,1
2017,18.06,Delhi,HealthTech,2455206,581357,Medium,3,1
2017,17.61,Mumbai,HealthTech,1638422,383250,Medium,4,1
2010,17.83,Chennai,EdTech,1258795,228638,Medium,3,1
2021,19.57,Pune,Fintech,13897380,2747545,Medium,3,1
2012,14.17,Bangalore,E-commerce,19041904,3797021,Medium,4,1
2019,20.77,Mumbai,Fintech,17516863,4327361,Medium,4,1
2018,12.12,Pune,Fintech,14462313,1916487,High,3,0
2014,16.31,Delhi,Fintech,13372874,2767508,Medium,4,1
2015,16.53,Chennai,HealthTech,12982384,2734420,Medium,4,1
2013,28.77,Bangalore,AI/ML,13627304,5664619,Low,4,1
2019,22.14,Mumbai,HealthTech,12686528,3460981,Medium,4,1
2025,19.76,Pune,HealthTech,3442609,936156,Medium,4,1
2011,21.35,Pune,SaaS,10688808,2337493,Medium,3,1
2020,22.35,Bangalore,SaaS,16401724,4239484,Medium,3,1
2017,21.32,Delhi,Fintech,2072732,520504,Medium,4,1
2020,22.77,Bangalore,HealthTech,10398445,3274365,Low,5,1
2022,17.21,Pune,Fintech,14334629,3025957,Medium,4,1
2015,17.5,Hyderabad,SaaS,3240855,650562,Medium,3,1
2014,19.11,Mumbai,AI/ML,10380233,2473549,Medium,4,1
2018,15.51,Bangalore,E-commerce,4250222,856515,Medium,3,1
2010,17.52,Pune,Fintech,1880188,407233,Medium,3,1
2014,20.74,Delhi,AI/ML,12016163,2837610,Medium,3,1
2015,12.59,Pune,E-commerce,8030577,1053293,High,2,0
2014,20.35,Delhi,EdTech,8270032,1723833,Medium,4,1
2015,20.86,Bangalore,Fintech,12058059,2931556,Medium,3,1
2015,23.49,Delhi,Fintech,3318767,964012,Medium,3,1
2016,17.59,Chennai,EdTech,17008173,3347789,Medium,4,1
2025,16.17,Chennai,EdTech,14420130,2634441,Medium,3,1
2013,17.92,Chennai,Fintech,6364049,1336064,Medium,4,1
2023,12.94,Hyderabad,EdTech,10350941,1504803,High,2,0
2020,16.22,Bangalore,HealthTech,9458825,1694747,Medium,4,1
2023,15.52,Pune,E-commerce,6031052,1118278,Medium,3,1
2023,11.2,Pune,E-commerce,6821001,819095,High,2,0
2023,14.63,Hyderabad,E-commerce,14735345,2438900,Medium,4,1
2024,23.35,Delhi,HealthTech,17701406,4664088,Medium,3,1
2017,14.0,Hyderabad,EdTech,3972696,620502,Medium,3,1
2016,28.03,Delhi,AI/ML,2620677,940391,Low,5,1
2018,13.03,Delhi,EdTech,19875195,2549347,High,2,0
2016,20.97,Mumbai,Fintech,10904915,2822074,Medium,3,1
2012,20.27,Pune,SaaS,8024132,1794247,Medium,4,1
2012,17.58,Chennai,E-commerce,12850251,2779020,Medium,4,1
2024,12.65,Delhi,EdTech,19381633,2391971,High,3,0
2017,28.92,Mumbai,AI/ML,13098645,4515838,Low,5,1
2014,17.46,Pune,Fintech,18175844,3590919,Medium,4,1
2013,22.03,Chennai,HealthTech,4261054,1029561,Medium,3,1
2017,24.33,Delhi,HealthTech,2896716,811972,Medium,4,1
2024,20.19,Delhi,AI/ML,15170472,3589979,Medium,3,1
2015,20.48,Hyderabad,Fintech,11444125,2775370,Medium,4,1
2011,11.69,Hyderabad,E-commerce,10234257,1465559,High,2,0
2013,20.19,Pune,EdTech,2557244,567047,Medium,3,1
2021,15.72,Chennai,Fintech,15342498,2818339,Medium,4,1
2020,20.12,Delhi,HealthTech,3207929,692901,Medium,3,1
2013,22.92,Pune,AI/ML,14740440,4170861,Medium,3,1
2024,24.35,Pune,AI/ML,12737052,3740485,Medium,4,1
2015,21.91,Bangalore,EdTech,11063357,2951753,Medium,4,1
2015,20.64,Hyderabad,AI/ML,4772513,1165473,Medium,4,1
2010,25.42,Chennai,AI/ML,9512760,2782621,Medium,4,1
2023,23.91,Delhi,Fintech,11134380,3118665,Medium,3,1
2017,14.5,Pune,E-commerce,8238667,1554031,Medium,3,1
2015,14.35,Delhi,EdTech,2804310,424911,Medium,3,1
2012,12.81,Bangalore,Fintech,1476264,236116,Medium,3,1
2023,19.65,Chennai,E-commerce,12982177,3052921,Medium,3,1
2018,17.27,Pune,Fintech,13369365,2798560,Medium,3,1
2011,16.0,Delhi,SaaS,8823880,1649093,Medium,4,1
2024,13.93,Hyderabad,Fintech,7799243,1267463,Medium,3,1
2020,18.99,Bangalore,AI/ML,14203743,3538918,Medium,3,1
2017,16.76,Chennai,E-commerce,4428094,775651,Medium,3,1
2019,19.17,Bangalore,EdTech,11854091,2727293,Medium,4,1
2012,17.96,Hyderabad,EdTech,7031423,1443624,Medium,4,1
2022,14.4,Chennai,E-commerce,5685356,962762,Medium,4,1
2021,18.26,Bangalore,AI/ML,2965849,687079,Medium,4,1
2014,17.81,Mumbai,HealthTech,3433865,810023,Medium,3,1
2015,14.68,Hyderabad,Fintech,8087145,1522736,Medium,3,1
2019,23.72,Hyderabad,AI/ML,9470922,2555530,Medium,3,1
2015,15.81,Hyderabad,SaaS,6647454,1185037,Medium,4,1
2013,11.86,Mumbai,E-commerce,8407288,1272055,Medium,3,1
2012,17.45,Mumbai,Fintech,12729793,2547250,Medium,3,1
2013,10.99,Delhi,EdTech,19782916,2427137,High,2,0
2010,20.14,Pune,HealthTech,645693,155640,Medium,4,1
2013,18.68,Bangalore,SaaS,2149734,498723,Medium,4,1
2010,19.55,Delhi,EdTech,12576798,2641919,Medium,4,1
2021,11.54,Bangalore,E-commerce,9799397,1423695,High,2,0
2024,14.1,Pune,Fintech,18162837,2739699,Medium,3,1
2010,12.88,Mumbai,E-commerce,15744854,2192186,High,2,0
2019,14.71,Pune,Fintech,13381730,2560742,Medium,3,1
2023,22.12,Mumbai,AI/ML,17838764,5972535,Low,5,1
2025,14.42,Pune,HealthTech,14042914,2420868,Medium,3,1
2015,20.18,Delhi,AI/ML,9593432,2695298,Medium,4,1
2014,19.21,Chennai,AI/ML,15776157,3515440,Medium,3,1
2023,15.7,Delhi,E-commerce,10721108,1775743,Medium,4,1
2020,17.57,Bangalore,HealthTech,4879845,1210942,Medium,3,1
2024,12.79,Delhi,Fintech,7650265,1189868,Medium,3,1
2013,17.39,Hyderabad,Fintech,2203728,508727,Medium,4,1
2022,19.96,Bangalore,SaaS,16747593,4196357,Medium,4,1
2020,15.19,Pune,EdTech,5262315,801987,Medium,3,1
2012,17.17,Bangalore,SaaS,17745667,3751861,Medium,3,1
2010,16.99,Chennai,SaaS,12276449,2589704,Medium,3,1
2015,18.34,Mumbai,Fintech,17536641,3848786,Medium,4,1
2011,11.33,Pune,E-commerce,14761209,1835713,High,2,0
2017,21.01,Bangalore,AI/ML,16335732,4706805,Medium,4,1
2019,24.25,Pune,AI/ML,8104323,2343038,Medium,3,1
2014,18.1,Pune,AI/ML,4994893,1154705,Medium,3,1
2016,19.87,Pune,HealthTech,13792075,3294105,Medium,3,1
2019,12.63,Mumbai,Fintech,16420820,2410805,High,2,0
2021,14.68,Delhi,E-commerce,9519066,1660580,Medium,4,1
2011,17.06,Pune,HealthTech,19245309,4130562,Medium,4,1
2022,19.06,Hyderabad,EdTech,2944913,601286,Medium,3,1
2017,9.57,Chennai,E-commerce,7004938,744764,High,2,0
2011,20.33,Mumbai,SaaS,7631390,1802802,Medium,3,1
2013,17.66,Bangalore,E-commerce,4287132,853653,Medium,4,1
2010,10.91,Mumbai,E-commerce,581171,63896,High,2,0
2024,19.41,Bangalore,AI/ML,19460664,4794137,Medium,4,1
2014,11.17,Mumbai,E-commerce,1689138,209037,High,3,0
2018,17.54,Bangalore,SaaS,2749476,588976,Medium,4,1
2010,20.55,Pune,SaaS,15421599,3753728,Medium,4,1
2018,16.3,Delhi,Fintech,14463591,2520052,Medium,3,1
2020,10.64,Bangalore,E-commerce,10340850,1345809,High,2,0
2024,15.94,Bangalore,AI/ML,3963894,770412,Medium,4,1
2017,18.81,Hyderabad,E-commerce,1283258,270922,Medium,3,1
2015,21.04,Bangalore,EdTech,19174215,4435316,Medium,3,1
2016,17.68,Hyderabad,EdTech,3352889,692592,Medium,3,1
2012,19.57,Chennai,AI/ML,10249181,2502137,Medium,4,1
2023,20.24,Pune,Fintech,7871858,1839760,Medium,3,1
2024,20.85,Hyderabad,Fintech,10766495,2507387,Medium,3,1
2010,18.24,Delhi,SaaS,19038417,3793194,Medium,3,1
2014,19.12,Pune,SaaS,2837180,711543,Medium,3,1
2023,23.7,Hyderabad,HealthTech,3985862,1094721,Medium,3,1
2021,17.08,Pune,AI/ML,18677723,4133672,Medium,3,1
2021,17.0,Pune,E-commerce,13292036,2514462,Medium,3,1
2011,21.07,Pune,AI/ML,15810432,4307870,Medium,3,1
2023,16.66,Chennai,HealthTech,3257398,685941,Medium,3,1
2014,15.91,Delhi,SaaS,888742,154147,Medium,3,1
2017,19.41,Mumbai,AI/ML,11210553,2979543,Medium,4,1
2020,18.37,Mumbai,AI/ML,1176935,341987,Medium,3,1
2018,24.31,Hyderabad,SaaS,10573732,3104227,Medium,4,1
2011,21.47,Pune,HealthTech,12011913,3483177,Medium,3,1
2021,22.19,Hyderabad,SaaS,13515771,3597884,Medium,4,1
2012,19.69,Chennai,Fintech,8293604,1743131,Medium,4,1
2012,14.18,Chennai,E-commerce,901072,145306,Medium,3,1
2010,19.22,Bangalore,SaaS,7222841,1635724,Medium,4,1
2017,18.81,Chennai,HealthTech,17174948,3643726,Medium,4,1
2025,15.05,Bangalore,EdTech,2595637,448652,Medium,4,1
2015,13.78,Delhi,Fintech,9844618,1530101,Medium,3,1
2021,19.25,Hyderabad,EdTech,12409910,2409876,Medium,4,1
2025,13.56,Delhi,SaaS,15640586,2895279,Medium,4,1
2022,14.82,Chennai,Fintech,5359633,975796,Medium,3,1
2017,20.04,Delhi,E-commerce,4968852,1118155,Medium,4,1
2020,19.41,Delhi,SaaS,8242237,1807764,Medium,4,1
2018,14.53,Delhi,E-commerce,15350598,2693974,Medium,4,1
2014,23.91,Chennai,AI/ML,16052153,5532016,Low,4,1
2023,11.38,Pune,EdTech,17696719,2319487,High,3,0
2021,13.82,Delhi,Fintech,6988000,1113848,Medium,3,1
2023,12.67,Bangalore,E-commerce,14895813,2505332,Medium,4,1
2012,17.29,Chennai,HealthTech,8818849,1826661,Medium,4,1
2014,13.78,Delhi,E-commerce,12068496,1895133,Medium,4,1
2014,21.46,Pune,HealthTech,8108965,2247577,Medium,4,1
2014,23.17,Chennai,SaaS,17435469,4435094,Medium,3,1
2012,20.43,Mumbai,Fintech,3711369,764970,Medium,4,1
2020,11.02,Pune,E-commerce,2159537,257930,High,2,0
2023,12.88,Bangalore,E-commerce,1779898,289082,Medium,4,1
2019,16.06,Delhi,Fintech,2864840,555123,Medium,3,1
2023,10.95,Mumbai,E-commerce,1271143,179795,High,3,0
2013,16.27,Mumbai,HealthTech,7197947,1408119,Medium,4,1
2018,18.99,Chennai,E-commerce,15767600,3752665,Medium,3,1
2022,16.03,Mumbai,EdTech,13379606,2468453,Medium,3,1
2019,18.33,Bangalore,SaaS,16095420,3741915,Medium,3,1
2018,23.45,Bangalore,AI/ML,1961433,651108,Low,4,1
2011,21.6,Hyderabad,HealthTech,3848549,892878,Medium,4,1
2017,19.36,Bangalore,EdTech,15960301,3281347,Medium,3,1
2017,16.77,Pune,SaaS,10214933,1796867,Medium,3,1
2016,19.21,Mumbai,Fintech,11036473,2784189,Medium,3,1
2017,17.27,Bangalore,HealthTech,8253638,1758714,Medium,4,1
2023,21.43,Chennai,AI/ML,18854061,5803891,Low,5,1
2025,19.17,Hyderabad,SaaS,17155637,3799560,Medium,4,1
2012,22.46,Mumbai,AI/ML,1488722,382389,Medium,4,1
2022,18.33,Hyderabad,Fintech,19314614,3939713,Medium,3,1
2015,20.41,Mumbai,Fintech,15033551,3745497,Medium,4,1
2010,18.21,Chennai,HealthTech,4027110,904390,Medium,3,1
2016,14.55,Hyderabad,E-commerce,4789639,727763,Medium,4,1
2024,15.72,Delhi,Fintech,1565560,293999,Medium,3,1
2024,27.76,Pune,SaaS,7207432,2442092,Low,4,1
2010,11.26,Pune,E-commerce,8849065,1061908,High,2,0
2018,13.9,Mumbai,EdTech,7889434,1439281,Medium,3,1
2010,24.65,Delhi,AI/ML,17368872,5016737,Medium,3,1
2010,12.71,Hyderabad,E-commerce,2662766,353133,High,3,0
2024,24.65,Delhi,AI/ML,853153,225911,Medium,3,1
2016,14.46,Delhi,E-commerce,7224504,1263096,Medium,3,1
2011,14.79,Hyderabad,EdTech,17220097,2813127,Medium,3,1
2023,15.74,Chennai,Fintech,13018585,2273483,Medium,3,1
2014,13.63,Delhi,EdTech,1487938,191638,High,3,0
2017,16.82,Delhi,Fintech,7574533,1410390,Medium,4,1
2017,17.48,Chennai,Fintech,1362839,327112,Medium,3,1
2012,19.5,Delhi,AI/ML,15974106,3159302,Medium,3,1
2016,18.67,Delhi,SaaS,10570853,2102716,Medium,3,1
